Asset_Number,Asset_Class,Location_1,Location_2,Start_Time,End_Time,Period,Transport_Time
0,EL_Demand,1,1,0,720,1,0
1,RE_PV_Openfield_Lim,1,1,0,720,1,0
2,RE_PV_Rooftop_Lim,1,1,0,720,1,0
3,RE_WIND_Onshore_Lim_0,1,1,0,720,1,0
4,PP_COAL_CO2,1,1,0,720,1,0
5,CO2_Budget,1,1,0,720,1,0
6,BESS,1,1,0,720,1,0
7,CEM_Demand,1,1,0,720,1,0
8,CEM_Production,1,1,0,720,1,0
9,CEM_Production_EL,1,1,0,720,1,0
10,STL_Demand,1,1,0,720,1,0
11,STL_DRI_EAF_H2,1,1,0,720,1,0
12,VEH_FRT_Demand,1,1,0,720,1,0
13,VEH_EL_FRT,1,1,0,720,1,0
14,VEH_ICE_PGR,1,1,0,720,1,0
15,VEH_PGR_Demand,1,1,0,720,1,0
16,H2_to_EL,1,1,0,720,1,0
17,EL_to_H2,1,1,0,720,1,0
18,H2_to_NH3,1,1,0,720,1,0