country_1,country_2,country_3,country_4,emissions,cost
AU,,,,73.32741918267895,6.245371446717255
AU,,,,69.6644213242586,6.2460672874203755
AU,,,,62.99902165306195,6.2490473222227445
AU,,,,52.3327661913516,6.25689766196981
AU,,,,46.33306995134512,6.266548461653074
AU,,,,41.9998514665652,6.273597559392586
AU,,,,31.47493075592724,6.292285854398704
AU,,,,23.172261783432056,6.320174420580323
AU,,,,20.98331547699876,6.330293000326216
AU,,,,10.49165900806933,6.4193395574360474
AU,,,,0.0,7.2323375164889345
AU,MM,,,80.5555661267044,7.9195874140471725
AU,MM,,,80.55475460804647,7.919589123720907
AU,MM,,,80.55268331928343,7.91958852325729
AU,MM,,,80.54893787667227,7.919618045877712
AU,MM,,,80.54714206552065,7.919618020294889
AU,MM,,,80.54666974094252,7.919618556382359
AU,MM,,,80.54403882236777,7.9196188552207785
AU,MM,,,73.33188469242805,7.92158191343755
AU,MM,,,48.99991344798655,7.947904256793956
AU,MM,,,24.485348765889192,8.021463168223494
AU,MM,,,0.0,10.014914324952658
BN,,,,4.480923935222426,0.2974314332413758
BN,,,,3.9596387227296383,0.29963975669675985
BN,,,,3.3695194602140583,0.30786804235248966
BN,,,,3.2996985630027,0.30920166610999705
BN,,,,2.6397632407053693,0.3271961347345522
BN,,,,2.2463718015957292,0.3414375127467126
BN,,,,1.9798202183558629,0.35210218951127586
BN,,,,1.3198967579203542,0.3831817023288561
BN,,,,1.123174629857545,0.3986343687679425
BN,,,,0.6599421136985757,0.4675472195696763
BN,,,,0.0002055674666782,0.7026218993549661
BN,KH,,,13.466571111708664,2.287959145062079
BN,KH,,,12.540523203110617,2.291719822166107
BN,KH,,,11.222142629792852,2.307114755753833
BN,KH,,,9.405392403228475,2.3510709945833854
BN,KH,,,8.977714103298398,2.366518353342849
BN,KH,,,6.733285579987496,2.4875850285863197
BN,KH,,,6.27026159998247,2.5273814098640486
BN,KH,,,4.488857053312546,2.748759759653486
BN,KH,,,3.1351308006524463,3.0319130667994147
BN,KH,,,2.24442852598072,3.292540220087873
BN,KH,,,1.5101338288927955e-10,4.510164625351674
BN,KH,LA,,15.484880013218328,2.6357797257405755
BN,KH,LA,,15.183186316277256,2.636175095968782
BN,KH,LA,,12.904066796359835,2.657168305287339
BN,KH,LA,,11.3873897365936,2.689771471899019
BN,KH,LA,,10.323253436592717,2.7254881752210434
BN,KH,LA,,7.742440079964444,2.862377375777089
BN,KH,LA,,7.591593159922602,2.8743026279837594
BN,KH,LA,,5.161626719965127,3.145710257228508
BN,KH,LA,,3.7957965799942985,3.3971860622271026
BN,KH,LA,,2.580813359321595,3.729390147180135
BN,KH,LA,,6.287666566564696e-11,5.069542637823666
BN,PH,,,57.19938475746573,7.901675043218202
BN,PH,,,50.049465499316206,7.935933766804704
BN,PH,,,42.899541866386286,8.04828133699324
BN,PH,,,38.48988993304424,8.173210643729165
BN,PH,,,35.74961823327318,8.270344551591657
BN,PH,,,28.59969457991787,8.62075858415421
BN,PH,,,21.44977093317696,9.225023091419471
BN,PH,,,19.2449449698862,9.465620446523268
BN,PH,,,14.299847289903507,10.166577907169092
BN,PH,,,7.149923643141258,11.520916833489132
BN,PH,,,9.870863958891927e-11,14.821729759005882
BN,PH,TH,,123.07794899258552,23.192151084301784
BN,PH,TH,,107.69320549962868,23.28199881652658
BN,PH,TH,,94.10429913310116,23.48863545087835
BN,PH,TH,,92.30846186650491,23.526341222263607
BN,PH,TH,,76.92371823316475,23.987120668625625
BN,PH,TH,,61.53897456643938,24.723259815150044
BN,PH,TH,,47.052149566547214,25.85672500389393
BN,PH,TH,,46.15423093324134,25.95026244593177
BN,PH,TH,,30.769487289762132,28.054110242706557
BN,PH,TH,,15.38474364319008,31.197336248463152
BN,PH,TH,,2.3175270842880271e-10,39.612689272466376
BN,TH,,,70.37020591365427,15.58875047076476
BN,TH,,,61.57417311003262,15.647160157677826
BN,TH,,,56.934286126747104,15.708767448286189
BN,TH,,,52.77786384880663,15.78787966707275
BN,TH,,,43.98155327905668,16.037387199614827
BN,TH,,,35.185242688797615,16.436501718805726
BN,TH,,,28.46714399837528,16.873153332505684
BN,TH,,,26.38893198036055,17.065771099800095
BN,TH,,,17.592621317570384,18.27411267346148
BN,TH,,,8.796310661081085,20.203308125761716
BN,TH,,,0.0,25.49428868578038
BR,,,,21.26334494234432,24.45996870225114
BR,,,,19.137010653403635,24.52861472636551
BR,,,,17.010676509708734,24.730625304351324
BR,,,,14.884342220338246,25.006833243174775
BR,,,,12.758008108044493,25.384738589121596
BR,,,,10.631674419796791,25.873207778737672
BR,,,,8.505340171248205,26.44573914922684
BR,,,,6.379004756915273,27.188483018321172
BR,,,,4.252670902504529,28.155176999510566
BR,,,,2.1263382772634936,29.30593149111971
BR,,,,3.2680597668112946e-06,31.800586737873346
BR,CL,,,22.41393064086108,26.51318791462264
BR,CL,,,20.172538731465725,26.587634020217163
BR,CL,,,17.931149921149306,26.801552427943864
BR,CL,,,15.689757012573564,27.093228881939442
BR,CL,,,13.44836344318411,27.486445225449366
BR,CL,,,11.206974483158056,27.99732373434603
BR,CL,,,8.965585677047375,28.590746232976503
BR,CL,,,6.724189575654386,29.366096518941212
BR,CL,,,4.482797990774452,30.384633111316404
BR,CL,,,2.2414073090098556,31.632408916710673
BR,CL,,,1.3722281942360363e-05,34.261988845481206
BR,CO,,,24.600435462485983,28.371655604268607
BR,CO,,,22.140393853623458,28.45969724195022
BR,CO,,,19.680350429212037,28.692296999203794
BR,CO,,,17.220307377166687,29.008521099926767
BR,CO,,,14.760264463094469,29.451017946524615
BR,CO,,,12.30022231008248,30.030683936215805
BR,CO,,,9.84017884301242,30.743679292506833
BR,CO,,,7.380135668404787,31.705775774295773
BR,CO,,,4.920090578616199,32.90056352020017
BR,CO,,,2.4600483755928275,34.60165775732756
BR,CO,,,1.2151792078117587e-05,37.60429392050835
BR,CO,CL,,25.75102215282115,30.4248753377264
BR,CO,CL,,23.175922538621844,30.518704143001678
BR,CO,CL,,20.600822957787877,30.76322281789452
BR,CO,CL,,18.025722989391458,31.094933983033265
BR,CO,CL,,15.45061758567631,31.55249576930481
BR,CO,CL,,12.875519221531562,32.153855287054526
BR,CO,CL,,10.30042240803052,32.88741688808469
BR,CO,CL,,7.72532322051251,33.88219371158813
BR,CO,CL,,5.150225354403472,35.13072076126629
BR,CO,CL,,2.5751174147133784,36.93671088180842
BR,CO,CL,,2.7548160481517697e-05,40.06569177502127
BR,CO,PE,,30.72624500376448,31.61133069408139
BR,CO,PE,,30.68620779929971,31.611338586158215
BR,CO,PE,,27.312268430998504,31.672035602878527
BR,CO,PE,,23.898235088579963,31.843795938618914
BR,CO,PE,,20.484202092843812,32.1878046144865
BR,CO,PE,,17.070171293102412,32.69471933067597
BR,CO,PE,,13.656138306455292,33.42714851041189
BR,CO,PE,,10.242106405002104,34.389256369706835
BR,CO,PE,,6.828075583863881,35.79177540422758
BR,CO,PE,,3.4140424409554844,37.66516891259433
BR,CO,PE,,2.952987167416846e-05,41.466865984103514
BR,CO,PE,CL,31.876816571739315,33.664550761057356
BR,CO,PE,CL,28.68919885305244,33.71711283002002
BR,CO,PE,CL,25.501514284824864,33.858671296425975
BR,CO,PE,CL,22.313830837673738,34.155365557560835
BR,CO,PE,CL,19.126143585164503,34.57175098686798
BR,CO,PE,CL,15.938458057941878,35.157359122077125
BR,CO,PE,CL,12.75077497763611,35.927402336866926
BR,CO,PE,CL,9.563096878969317,36.93139524177528
BR,CO,PE,CL,6.375403126174105,38.35033369984269
BR,CO,PE,CL,3.187712395182366,40.27132441135575
BR,CO,PE,CL,1.922553364790377e-05,43.928291974063434
BR,CO,PE,US,30.72631574870626,160.94393457243223
BR,CO,PE,US,30.686221399389247,160.96085442522042
BR,CO,PE,US,27.31227677306788,162.3969882399856
BR,CO,PE,US,23.89824292548482,163.86473410278816
BR,CO,PE,US,20.48421291125507,165.33745858564922
BR,CO,PE,US,17.07017320987936,166.82053246152006
BR,CO,PE,US,13.656147211790946,168.3770206131734
BR,CO,PE,US,10.242108343485553,170.19835251919537
BR,CO,PE,US,6.828081051588359,172.341063975871
BR,CO,PE,US,3.4140491789080474,174.93259136244026
BR,CO,PE,US,9.094103046774343e-06,178.8138354388031
BR,CO,US,,30.726307658750095,157.12672241509955
BR,CO,US,,30.686218628705152,157.14362817988572
BR,CO,US,,27.312278097381824,158.5778102917337
BR,CO,US,,23.898238586034452,160.04448982442284
BR,CO,US,,20.48420531652369,161.51647507121095
BR,CO,US,,17.070174436040492,162.99797474705963
BR,CO,US,,13.656141062709857,164.5373616730459
BR,CO,US,,10.242106703607323,166.33992693634772
BR,CO,US,,6.828080196238992,168.47846949639842
BR,CO,US,,3.414047141882985,171.06999869435163
BR,CO,US,,1.56816390042072e-05,174.9512336070592
BR,PE,,,27.38916046579094,27.69964454997621
BR,PE,,,26.341727355076497,27.707034256251614
BR,PE,,,24.34596380039793,27.74824637534182
BR,PE,,,21.302718602489502,27.88023549696929
BR,PE,,,18.259473973684926,28.174457223229396
BR,PE,,,15.216229217028587,28.6107601971479
BR,PE,,,12.172985700444151,29.228824859579802
BR,PE,,,9.129741520214132,30.020846239168712
BR,PE,,,6.086496322448671,31.133520557908547
BR,PE,,,3.0432567641122006,32.618674818922294
BR,PE,,,1.4610283794400773e-05,35.6631688994588
BR,PE,CL,,28.5396427880493,29.75286387515069
BR,PE,CL,,25.685815852164744,29.795573127479464
BR,PE,CL,,22.831838140999047,29.910314229924
BR,PE,CL,,19.977865567471717,30.157557956784647
BR,PE,CL,,17.123885380279727,30.518798277289388
BR,PE,CL,,14.269911616016516,31.020026630053493
BR,PE,CL,,11.415938302160953,31.679465832977005
BR,PE,CL,,8.561953796023776,32.49115372242303
BR,PE,CL,,5.707974571658775,33.63724674580744
BR,PE,CL,,2.854007350815464,35.07733934637037
BR,PE,CL,,4.204266689935624e-05,38.12455450397194
BR,PE,US,,30.726310524082724,156.01908119787788
BR,PE,US,,30.68621923626865,156.0357247396416
BR,PE,US,,27.312275162123903,157.45836704201807
BR,PE,US,,23.898244312739056,158.91902619757195
BR,PE,US,,20.48420851213564,160.3895759323796
BR,PE,US,,17.070179003266674,161.86522929933165
BR,PE,US,,13.65614250257183,163.35876646452485
BR,PE,US,,10.242115531004622,165.04071252996397
BR,PE,US,,6.828078705708749,167.0011814074518
BR,PE,US,,3.4140491192867226,169.39292451016132
BR,PE,US,,8.414709478984693e-06,173.01011881139846
CL,,,,1.1505840733139514,2.0532195674397133
CL,,,,1.0355257533244404,2.0591617770065085
CL,,,,0.9204673146624818,2.0716972903716213
CL,,,,0.805408927481387,2.0872293694761797
CL,,,,0.6903505367303517,2.1043389023912065
CL,,,,0.5752921099696146,2.1261717695814326
CL,,,,0.4602337369796792,2.152605557894778
CL,,,,0.3451753855177669,2.1824325391456854
CL,,,,0.2301170287024141,2.2330194675029635
CL,,,,0.1150586240472335,2.3406777504969987
CL,,,,1.094803435559852e-07,2.46140933843764
CN,,,,7133.15202494224,69.59090120480599
CN,,,,6433.297013859278,73.20388713589861
CN,,,,5699.933625885288,77.79592579199
CN,,,,4999.946217911472,82.190834076413
CN,,,,4266.618150100267,86.79834384308194
CN,,,,3566.5927820793863,91.2180677202418
CN,,,,2853.297232110842,95.75489767800006
CN,,,,2139.9629584701293,100.6927087643061
CN,,,,1426.6442690126482,106.94533152543927
CN,,,,713.3328856770919,116.28651639509562
CN,,,,0.0,183.97325244622968
CN,IN,,,173.999999999704,235.04190115835735
CN,IN,,,159.99999999887822,237.13052192886715
CN,IN,,,152.33333333255288,238.3591935779954
CN,IN,,,130.33333333186627,242.44991695999232
CN,IN,,,108.6666666656403,247.1322234769393
CN,IN,,,86.99999999904831,252.7487987905146
CN,IN,,,79.99999999928107,254.74659125921593
CN,IN,,,65.33333333256627,259.47445291062826
CN,IN,,,43.333333332636585,267.4709228840009
CN,IN,,,21.74841716624578,276.1399811575038
CN,IN,,,1.1644299498949909e-08,289.3756170316734
CN,IN,JP,,173.999999999551,274.99511897961696
CN,IN,JP,,159.99999999891077,277.9388585562224
CN,IN,JP,,152.3333333328636,279.6604431822058
CN,IN,JP,,130.33333333259478,285.2222850439538
CN,IN,JP,,108.66666666598064,291.3049565264347
CN,IN,JP,,86.99999999925646,298.3848255962975
CN,IN,JP,,79.99999999958901,300.8655154502139
CN,IN,JP,,65.33333333282988,306.3444659350054
CN,IN,JP,,43.33333333264841,315.0650996293926
CN,IN,JP,,21.748417166158863,325.9304643717654
CN,IN,JP,,1.9909910716981393e-08,342.3205162540617
CN,JP,,,173.99999999924108,177.571467757964
CN,JP,,,159.99999999929045,179.7837215538996
CN,JP,,,152.33333333297605,181.07624290576788
CN,JP,,,130.33333333281772,185.3141826914348
CN,JP,,,108.66666666624074,189.93580668232633
CN,JP,,,86.99999999951787,195.47708640081424
CN,JP,,,79.99999999947583,197.45338241310674
CN,JP,,,65.33333333282398,201.96269318118485
CN,JP,,,43.33333333279335,209.99787797987358
CN,JP,,,21.74841716635435,220.75472944115876
CN,JP,,,5.8155350169551235e-09,236.91809346511627
CO,,,,3.3370898516140675,3.9116869199586053
CO,,,,3.003382964091715,3.9313180845331326
CO,,,,2.669673774862368,3.961674964582852
CO,,,,2.3359645690087283,4.002313218130544
CO,,,,2.002255716312619,4.088661883623943
CO,,,,1.6685463633382251,4.241369152286714
CO,,,,1.3348371704564914,4.45990538627327
CO,,,,1.0011283931687596,4.732047981115484
CO,,,,0.6674191259917327,5.044927070038847
CO,,,,0.3337094673649126,5.421639352181151
CO,,,,3.9971149262395923e-07,5.803718162464305
CO,CL,,,4.487676247730623,5.964906217977633
CO,CL,,,4.038908755907816,5.99020962761697
CO,CL,,,3.590141249162898,6.032700992128855
CO,CL,,,3.141373531470843,6.089424212929551
CO,CL,,,2.692605974255355,6.169341282753967
CO,CL,,,2.243838438844036,6.307417099703285
CO,CL,,,1.7950710252686808,6.5313865095451895
CO,CL,,,1.3463035210773353,6.8690640557516005
CO,CL,,,0.8975358236932321,7.261545752951976
CO,CL,,,0.448768253759629,7.751784193940738
CO,CL,,,7.631905287423512e-07,8.265127614458866
CO,PE,,,9.462926799106691,7.15136228752157
CO,PE,,,8.41151679742744,7.159337048259843
CO,PE,,,7.360077199039184,7.183614633106977
CO,PE,,,7.355716665540511,7.183757881763111
CO,PE,,,6.308637606384942,7.224908572314513
CO,PE,,,5.257198011280663,7.279597572970481
CO,PE,,,4.205758478889114,7.373905666649695
CO,PE,,,3.1543190621877466,7.530573660231237
CO,PE,,,2.1028800568681953,7.863131222170242
CO,PE,,,1.0514402021736324,8.552518562349807
CO,PE,,,6.898761616109628e-07,9.66631467813871
CO,PE,CL,,10.613517026164804,9.204582059641218
CO,PE,CL,,9.552186462361814,9.212703526741768
CO,PE,CL,,8.490832483974025,9.237128133181834
CO,PE,CL,,7.429478444830162,9.27833322287116
CO,PE,CL,,6.368124406574296,9.333204173229003
CO,PE,CL,,5.306770409103283,9.424497422891186
CO,PE,CL,,4.245416382485627,9.564383110302876
CO,PE,CL,,3.184062569922999,9.782893586941514
CO,PE,CL,,2.1227084708514914,10.20573180276754
CO,PE,CL,,1.0613544466204283,10.970814544819012
CO,PE,CL,,5.776561100864825e-07,12.127724099507939
CO,PE,US,,30.726308818450335,131.13126527133903
CO,PE,US,,30.68621564494388,131.14758184710263
CO,PE,US,,27.312272937509128,132.52237463695684
CO,PE,US,,23.89824238152637,133.94752778063196
CO,PE,US,,20.484203782218188,135.40462144707362
CO,PE,US,,17.070174014139393,136.87422939366155
CO,PE,US,,13.656139179686996,138.3485819868991
CO,PE,US,,10.242108200799146,139.83555775436218
CO,PE,US,,6.828074813152363,141.6656456524175
CO,PE,US,,3.4140374869632004,143.97513760357063
CO,PE,US,,5.836751914550827e-06,147.0132524841961
DE,,,,343.32585047683347,13.033437053281768
DE,,,,310.3289687421163,13.112952270600328
DE,,,,275.99857611547765,13.29542165182846
DE,,,,241.33175402083245,13.796291978322571
DE,,,,206.99909025998593,14.387576013643072
DE,,,,172.33289708409654,15.042974578978582
DE,,,,137.99993283333586,15.842904955359488
DE,,,,103.33327207619044,16.953748523256195
DE,,,,68.99997330336815,18.64999511878587
DE,,,,34.33333221397536,21.79374105700328
DE,,,,0.0,30.137294045102507
DE,EG,,,173.99999999060935,28.025962208972828
DE,EG,,,159.99999999672133,28.367856218708305
DE,EG,,,152.3333333307735,28.56972117025299
DE,EG,,,130.3333333306353,29.2598783489064
DE,EG,,,108.66666666567474,30.113919421684766
DE,EG,,,86.99999999833013,31.244892340113218
DE,EG,,,79.99999999925885,31.6554289857031
DE,EG,,,65.33333333296848,32.72800378276146
DE,EG,,,43.333333332748495,35.040597048185255
DE,EG,,,21.748417166184833,38.95024053166888
DE,EG,,,1.5133827485979985e-08,45.84581168132368
DE,MA,,,46.9999999997787,24.220128658328232
DE,MA,,,42.66666666630272,24.688346130719125
DE,MA,,,37.33333333297045,25.350656196367712
DE,MA,,,31.986594966572472,26.108900104842512
DE,MA,,,26.655495799738272,27.003628928921092
DE,MA,,,23.51905113323097,27.610565357585717
DE,MA,,,21.324396633096985,28.078739471330003
DE,MA,,,15.993297466444652,29.414919899930062
DE,MA,,,10.662198333121156,30.88864227685693
DE,MA,,,5.331099166587608,32.476536496037646
DE,MA,,,5.515975761911013e-09,34.669791353642196
DE,TR,,,616.6666666664933,16.67832921719895
DE,TR,,,556.6666666654776,16.854668062144743
DE,TR,,,493.3333333331786,17.480274446687297
DE,TR,,,433.3333333332622,18.40914782736854
DE,TR,,,369.9999999985088,19.488805209400972
DE,TR,,,308.6666666606004,20.763112712915063
DE,TR,,,246.99999999686273,22.502283201309194
DE,TR,,,185.33333333273853,24.5401158433244
DE,TR,,,123.66666666653131,27.153279715535668
DE,TR,,,61.666666666397155,31.47251790343649
DE,TR,,,1.640230508104677e-09,45.78204194535598
DE,TR,MA,,46.99999999970184,36.20202979749276
DE,TR,MA,,42.66666666643896,36.85220680888527
DE,TR,MA,,37.33333333308393,37.764556365714554
DE,TR,MA,,31.986594966530745,38.78972636102892
DE,TR,MA,,26.655495799893767,39.99204677536765
DE,TR,MA,,23.519051133193347,40.79945533353131
DE,TR,MA,,21.32439663318048,41.385246543270405
DE,TR,MA,,15.993297466480898,42.87269944032705
DE,TR,MA,,10.662198333282683,44.441852749745486
DE,TR,MA,,5.331099166607957,46.22762391306287
DE,TR,MA,,2.8872736669158895e-09,48.810410744778316
EG,,,,22.63310976308853,12.546264040122153
EG,,,,20.369935109375515,12.567756808759626
EG,,,,18.10660860793497,12.6356369324422
EG,,,,15.843286287846732,12.727847969413471
EG,,,,13.579957153990362,12.854537341816062
EG,,,,11.31663476097503,13.03120238050913
EG,,,,9.053306318583664,13.252383438625147
EG,,,,6.789982336325389,13.564724420829489
EG,,,,4.526655500691654,14.02882230316441
EG,,,,2.263335359514792,14.72860299741117
EG,,,,5.189648985096042e-06,15.708542705095283
EG,DE,TR,,321.9999999593599,33.50351421145221
EG,DE,TR,,289.99999998982264,34.37543702613841
EG,DE,TR,,257.66666666259516,35.371800530374244
EG,DE,TR,,225.33333333114751,36.42203682272183
EG,DE,TR,,193.3333333311903,37.5477038181956
EG,DE,TR,,160.99999999956933,38.858568816982405
EG,DE,TR,,128.66666666606918,40.453901956387284
EG,DE,TR,,96.66666666614726,42.37064737651394
EG,DE,TR,,64.33333333315004,45.46166092647026
EG,DE,TR,,32.20608499986982,50.936009014797904
EG,DE,TR,,3.0226120190206814e-08,61.49058730000185
EG,FR,DE,,321.9999999620929,33.26110900832889
EG,FR,DE,,289.9999999944624,33.79983873854584
EG,FR,DE,,257.6666666591305,34.36324857460649
EG,FR,DE,,225.33333333025695,35.04240387067311
EG,FR,DE,,193.33333333212548,35.85499057204727
EG,FR,DE,,160.9999999980684,37.001131058293964
EG,FR,DE,,128.6666666660946,38.63103085086002
EG,FR,DE,,96.6666666659518,40.616563749984934
EG,FR,DE,,64.33333333284914,43.632490643476004
EG,FR,DE,,32.20608499969534,48.70520834448909
EG,FR,DE,,9.332969186888777e-08,61.996327546824624
EG,FR,DE,TR,666.6666666569511,36.38340208668497
EG,FR,DE,TR,599.9999999939192,36.696795878067974
EG,FR,DE,TR,533.3333333300121,37.57618357214896
EG,FR,DE,TR,466.6666666335928,38.66440093542354
EG,FR,DE,TR,399.99999998479416,39.905037506090935
EG,FR,DE,TR,333.3333333299584,41.598151970983274
EG,FR,DE,TR,266.6666666649534,43.72869065937894
EG,FR,DE,TR,199.99999999883536,46.3401268758872
EG,FR,DE,TR,133.33333333256505,50.01004275271585
EG,FR,DE,TR,66.66666666645138,56.451188113417714
EG,FR,DE,TR,6.570172313381956e-08,77.64110155186133
EG,FR,TR,,346.28868097099377,23.299546222355495
EG,FR,TR,,346.28868028799286,23.299546517542716
EG,FR,TR,,346.2886666263804,23.299545901535755
EG,FR,TR,,346.2886633742086,23.29954576159888
EG,FR,TR,,346.28864804098816,23.299545426321934
EG,FR,TR,,333.3333335472586,23.344404337805095
EG,FR,TR,,266.66666743126234,24.187521004102173
EG,FR,TR,,200.0000021929517,25.645277478004346
EG,FR,TR,,133.33333385626025,27.85149875468704
EG,FR,TR,,66.66666734046724,31.225934332377808
EG,FR,TR,,5.6444211280510686e-06,47.50381209719621
EG,KE,,,26.178558641189667,14.831833357394594
EG,KE,,,25.922656182442065,14.831882171941396
EG,KE,,,23.269902144503824,14.863359681818418
EG,KE,,,20.36116581191434,14.956257044291636
EG,KE,,,17.452427405793262,15.090846688801175
EG,KE,,,14.543689776190812,15.29640752351943
EG,KE,,,11.63495460623944,15.575139378507968
EG,KE,,,8.726218078452687,15.982576932746943
EG,KE,,,5.817481530506293,16.54545187986209
EG,KE,,,2.908743342856197,17.418009184968206
EG,KE,,,1.4006242872288949e-05,19.640413151363116
EG,MA,,,30.530745705596093,15.650922941271684
EG,MA,,,27.477708683238948,15.674801286443987
EG,MA,,,24.42463221774074,15.756020975427173
EG,MA,,,21.3715597247956,15.875057448086228
EG,MA,,,18.318483257939135,16.05025521529741
EG,MA,,,15.26540113412087,16.293034126065628
EG,MA,,,12.212329825611706,16.59233801688977
EG,MA,,,9.159243601602409,16.994427848607778
EG,MA,,,6.1061775370782865,17.576120078315633
EG,MA,,,3.053101871039098,18.475428699146274
EG,MA,,,2.1629719967841556e-05,19.88587470249557
EG,MA,KE,,33.999999557748,17.93650013711982
EG,MA,KE,,32.71671210305046,17.940322092683207
EG,MA,KE,,30.28992526813371,17.969702253512164
EG,MA,KE,,26.503688854825295,18.081146110835775
EG,MA,KE,,22.717447168281957,18.25151798445797
EG,MA,KE,,18.93121019793065,18.52045833995861
EG,MA,KE,,15.1449717144515,18.877905347228296
EG,MA,KE,,11.358726495893656,19.366607845424973
EG,MA,KE,,7.572492450136206,20.06024376252085
EG,MA,KE,,3.7862542609752223,21.131702169482573
EG,MA,KE,,2.122503104648479e-05,23.817732456405793
EG,NG,,,81.6666659539194,34.728060590837536
EG,NG,,,72.66666714686217,34.79003313976445
EG,NG,,,63.6666671311185,34.999730539077206
EG,NG,,,54.66666870833288,35.4041782795496
EG,NG,,,53.00000123329245,35.50778780464585
EG,NG,,,45.333335951765015,36.135922741857755
EG,NG,,,36.33333579688762,37.16007317491127
EG,NG,,,27.251810712270675,38.582963656591915
EG,NG,,,18.167873857366356,40.57575247439505
EG,NG,,,9.083939732580664,44.31374423296749
EG,NG,,,1.1392159958424748e-05,52.9062167117947
EG,NG,KE,,85.30133232793479,37.01362021749907
EG,NG,KE,,75.66666776142104,37.081034386649236
EG,NG,KE,,66.33333387173627,37.304359952147955
EG,NG,KE,,57.000002253870456,37.73461882829545
EG,NG,KE,,54.33333573802786,37.90892693199802
EG,NG,KE,,47.33334024653484,38.517433370277935
EG,NG,KE,,38.00000838025169,39.59636312736715
EG,NG,KE,,28.433607650644532,41.13187180292069
EG,NG,KE,,18.95574339363492,43.21129892530551
EG,NG,KE,,9.47787609654679,47.13309911691377
EG,NG,KE,,1.574993760192605e-05,56.83809017823498
EG,NG,MA,,89.65402565186007,37.83270944165246
EG,NG,MA,,79.66666775484325,37.89941880767895
EG,NG,MA,,69.66666929041897,38.131086646474714
EG,NG,MA,,60.00000561066152,38.56107780882753
EG,NG,MA,,59.666672713258954,38.579659921775274
EG,NG,MA,,49.66667133750448,39.357805209223706
EG,NG,MA,,40.00000351381312,40.431581678343704
EG,NG,MA,,29.88432863066548,41.94471617835509
EG,NG,MA,,19.92288719882905,44.04928641068794
EG,NG,MA,,9.961455227091337,47.9116407163729
EG,NG,MA,,1.5798291774101353e-05,57.08356270351453
EG,TR,,,299.24710735143725,16.184799670141235
EG,TR,,,299.24708741579826,16.18479949954142
EG,TR,,,299.24708496088635,16.184799573612963
EG,TR,,,299.247081973137,16.184799393707134
EG,TR,,,299.2470804340321,16.184799467126048
EG,TR,,,299.2470746359958,16.18479932110116
EG,TR,,,247.0000000745958,16.646914761245913
EG,TR,,,185.33333343647456,17.647494913872663
EG,TR,,,123.66666702485114,19.45940315354124
EG,TR,,,61.66666762016541,21.770646658161517
EG,TR,,,4.5523113433978325e-06,31.353318217101304
FR,,,,46.99956921046097,7.117308599753988
FR,,,,44.666145824894485,7.230585025114233
FR,,,,39.66638213359594,7.497721680970476
FR,,,,34.666463811797236,7.795939100832933
FR,,,,29.71513644706581,8.111848037915884
FR,,,,24.76267498635744,8.431773189344243
FR,,,,19.810192128689764,8.794523841809196
FR,,,,14.85764366480596,9.338491291199125
FR,,,,9.905096187351624,10.008662232048616
FR,,,,4.952549083068443,11.10062188584088
FR,,,,0.0,16.15053137633635
FR,DE,,,393.3333333216325,20.1411440325151
FR,DE,,,356.66666665317194,20.228748987418662
FR,DE,,,315.66666665970627,20.488790781479878
FR,DE,,,275.99999993540325,21.12232494371695
FR,DE,,,236.66666666286667,21.807494442626087
FR,DE,,,197.33333333213452,22.65134871441131
FR,DE,,,157.66666666560408,23.796377930316783
FR,DE,,,118.33333333286402,25.60491669648674
FR,DE,,,78.99999999979043,28.05691998868138
FR,DE,,,39.33333333311389,32.50254989420007
FR,DE,,,7.615623485101191e-10,46.287781340748865
FR,DE,MA,,46.999999999761144,35.352275599555846
FR,DE,MA,,42.666666666399514,35.98156318436537
FR,DE,MA,,37.333333333284216,36.85110353439228
FR,DE,MA,,31.986594966584587,37.86664884552727
FR,DE,MA,,26.655495799921553,39.039250949235985
FR,DE,MA,,23.51905113315761,39.8193343288127
FR,DE,MA,,21.324396633224467,40.39527003119501
FR,DE,MA,,15.993297466465314,41.86316811201124
FR,DE,MA,,10.662198333217969,43.40776933035724
FR,DE,MA,,5.331099166527782,45.24945244109593
FR,DE,MA,,1.2563111636037788e-08,50.78248708375014
FR,DE,TR,,666.666666665424,23.786635155493684
FR,DE,TR,,599.9999999971078,23.98684574886118
FR,DE,TR,,533.3333333311294,24.696728347107385
FR,DE,TR,,466.6666666630484,25.747763970508128
FR,DE,TR,,399.9999999705367,26.916801877382607
FR,DE,TR,,333.33333333050905,28.4504752150807
FR,DE,TR,,266.66666666578527,30.490928927554833
FR,DE,TR,,199.9999999990981,32.91212369071221
FR,DE,TR,,133.33333333297963,36.30882801951116
FR,DE,TR,,66.66666666646401,41.98707331575031
FR,DE,TR,,5.831372413397671e-10,61.932555771712394
FR,EG,,,69.67506533902709,19.661011467080996
FR,EG,,,69.67485872105729,19.661009299110283
FR,EG,,,69.67485750499627,19.661009486890766
FR,EG,,,69.67485158542677,19.661009218671445
FR,EG,,,69.67484316146316,19.661009195006933
FR,EG,,,69.67484190577919,19.661009185433162
FR,EG,,,69.67483812349516,19.661009132028553
FR,EG,,,69.67483726779737,19.66100913085172
FR,EG,,,69.67465030237189,19.66101325588052
FR,EG,,,61.66666854962286,19.900948180401226
FR,EG,,,6.615839131126214e-06,31.859031334661452
FR,MA,,,47.00000021731244,10.706042538296751
FR,MA,,,42.6666669379196,10.952500851986281
FR,MA,,,37.33333360236368,11.290547817183095
FR,MA,,,31.98659535379195,11.635141486544793
FR,MA,,,26.655496002439367,11.985348672953869
FR,MA,,,23.519051624872553,12.269340184072991
FR,MA,,,21.324397148833807,12.50965262405391
FR,MA,,,15.99329761228452,13.115575111294222
FR,MA,,,10.662198792092983,13.914751009871383
FR,MA,,,5.331099997034351,15.173218922387605
FR,MA,,,9.229417573469046e-07,20.645216102862797
FR,TR,,,321.99999999009884,10.756818152355782
FR,TR,,,289.99999999784166,10.994976939647609
FR,TR,,,257.6666666646082,11.441196116786301
FR,TR,,,225.33333333001303,11.953144757063123
FR,TR,,,193.33333333032468,12.675391933828973
FR,TR,,,160.99999999891875,13.670609945138079
FR,TR,,,128.66666666582063,14.732087299534536
FR,TR,,,96.66666666619705,15.981494126475585
FR,TR,,,64.3333333330375,17.660057934511038
FR,TR,,,32.206084999941794,20.21515884641947
FR,TR,,,1.9585574943053593e-07,31.795289752475085
FR,TR,MA,,47.000000195139584,21.735608193330176
FR,TR,MA,,42.66666678689719,22.042598490285194
FR,TR,MA,,37.33333339232169,22.55127546091826
FR,TR,MA,,31.986595044841092,23.139211919434572
FR,TR,MA,,26.65549603061278,23.818019564554202
FR,TR,MA,,23.51905145795759,24.29469754193354
FR,TR,MA,,21.32439684145428,24.67855917190252
FR,TR,MA,,15.993297860295918,25.753338133062694
FR,TR,MA,,10.662198883057508,27.162295063748196
FR,TR,MA,,5.331099819773816,29.0230960399979
FR,TR,MA,,1.6047562107496744e-06,34.78583374111828
ID,,,,198.26828890678053,40.214326103612876
ID,,,,173.51073143766027,40.28843342774843
ID,,,,154.99995313829854,40.567020407654326
ID,,,,148.72359505995118,40.703655746266605
ID,,,,123.9363615146944,41.4781673579234
ID,,,,99.14909140768629,42.590476664162296
ID,,,,77.56074400126911,44.12163726537671
ID,,,,74.3618224308128,44.39393866031271
ID,,,,49.57454942806422,47.357213256597184
ID,,,,24.78727480269439,52.85455927983993
ID,,,,0.0,70.02773773732703
ID,AU,,,195.99988007648057,46.06208660006376
ID,AU,,,171.3332414860532,46.30361467470793
ID,AU,,,167.3332958512006,46.375660386449276
ID,AU,,,146.9999824360185,46.84777638974607
ID,AU,,,122.333307633073,47.716672723616725
ID,AU,,,97.99999165951742,48.8953542524554
ID,AU,,,83.66666399741187,49.90008662241635
ID,AU,,,73.3333321584503,50.798575317878736
ID,AU,,,48.999999732923456,53.90044878174365
ID,AU,,,24.48534881794075,59.28097975723196
ID,AU,,,0.0,76.16367770501277
ID,BN,,,202.79011774266309,40.5120480557389
ID,BN,,,177.4413597322547,40.58899311605599
ID,BN,,,156.44136876532946,40.912829166471454
ID,BN,,,152.09259403287254,41.01075834578221
ID,BN,,,126.74382836574104,41.79849848068953
ID,BN,,,101.39506269926376,42.92205668256648
ID,BN,,,78.22068436629496,44.55803239128818
ID,BN,,,76.0462970331564,44.743737530228294
ID,BN,,,50.69753133319841,47.75087812213574
ID,BN,,,25.34876567324235,53.311120601073235
ID,BN,,,8.847876908245248e-11,70.73115081681449
ID,BN,KH,,211.76476554621013,42.50174540803593
ID,BN,KH,,185.29417476417865,42.58611776743463
ID,BN,KH,,161.39175143291456,42.97296214091765
ID,BN,KH,,158.82357836544136,43.03329216959263
ID,BN,KH,,132.35298196573189,43.86583214838994
ID,BN,KH,,105.88238556629572,45.06720215336269
ID,BN,KH,,80.69587573282745,46.91476599238224
ID,BN,KH,,79.41178919957042,47.02985987782074
ID,BN,KH,,52.94119279965928,50.26924897824927
ID,BN,KH,,26.470596393200136,56.31772339174521
ID,BN,KH,,1.4854582058553795e-10,74.53799517460563
ID,BN,KH,LA,213.78307668662677,42.84956588525671
ID,BN,KH,LA,187.06019513046024,42.93516076176944
ID,BN,KH,LA,162.71308299979395,43.331012880873885
ID,BN,KH,LA,160.3373101326871,43.38689142673195
ID,BN,KH,LA,133.61442509919937,44.228002329585266
ID,BN,KH,LA,106.89154006630716,45.442427887009025
ID,BN,KH,LA,81.35654149966105,47.3188193859019
ID,BN,KH,LA,80.168655066299,47.42594056777486
ID,BN,KH,LA,53.44577003309317,50.69350400368959
ID,BN,KH,LA,26.722885019888476,56.77069278086922
ID,BN,KH,LA,2.0202270554806575e-10,75.09737323232372
ID,BN,LA,,204.8091950965336,40.859868368498226
ID,BN,LA,,179.20804839785632,40.93802971475022
ID,BN,LA,,157.7627002995186,41.27006132618787
ID,BN,LA,,153.6068986330728,41.36433426094286
ID,BN,LA,,128.00574883314434,42.160613333300404
ID,BN,LA,,102.40459906638708,43.2972321620592
ID,BN,LA,,78.88135013291165,44.9613604498302
ID,BN,LA,,76.80344929956418,45.139233639260986
ID,BN,LA,,51.20229953309836,48.175226122469844
ID,BN,LA,,25.601149769907384,53.76429814699881
ID,BN,LA,,1.9733713386537431e-10,71.29052972767515
ID,BN,TH,,267.8003173576227,55.69274051175473
ID,BN,TH,,235.085858309206,55.81477869248565
ID,BN,TH,,212.05696883678033,56.21261751398572
ID,BN,TH,,201.50352117243008,56.44082939293551
ID,BN,TH,,167.92184692603325,57.45830328683884
ID,BN,TH,,134.33592337974312,58.980776476406774
ID,BN,TH,,106.02902453063264,60.99003009105034
ID,BN,TH,,100.75239432005134,61.441803945768385
ID,BN,TH,,67.17217335102443,65.55093414962293
ID,BN,TH,,33.5893113434757,72.74861760771358
ID,BN,TH,,0.0285128035451457,94.67061396699663
ID,KH,,,207.27207949443297,42.20348312772102
ID,KH,,,181.3630717655546,42.28512153737785
ID,KH,,,160.07187253288896,42.619948177721994
ID,KH,,,155.45406149779367,42.72596171604113
ID,KH,,,129.54505126602152,43.54567684687856
ID,KH,,,103.63604099922186,44.73590206080766
ID,KH,,,80.03593626598817,46.47672432016609
ID,KH,,,77.72703076617691,46.683204779049504
ID,KH,,,51.818020499526256,49.876084853896906
ID,KH,,,25.909010249910988,55.86124374468213
ID,KH,,,1.1030256008056216e-10,73.83467539535746
ID,KH,LA,,209.29038787645976,42.55130387348068
ID,KH,LA,,183.12909213029,42.634164751796476
ID,KH,LA,,161.39320409948414,42.97745407351621
ID,KH,LA,,156.96779326588512,43.079562371460625
ID,KH,LA,,130.80649436562226,43.90785338296698
ID,KH,LA,,104.64519549948275,45.11113120880098
ID,KH,LA,,80.69660206613572,46.8805548331503
ID,KH,LA,,78.48389663291191,47.07933982293241
ID,KH,LA,,52.322597766361646,50.30033883677365
ID,KH,LA,,26.16129887650203,56.3138800871395
ID,KH,LA,,1.5026304752472276e-10,74.39405286410461
ID,KH,VN,,290.9995651870253,55.963313746862426
ID,KH,VN,,254.62462549466585,56.08521850454343
ID,KH,VN,,230.5897682649763,56.407920317465134
ID,KH,VN,,218.24967899872823,56.65335550981243
ID,KH,VN,,181.87473249948968,57.77541933253506
ID,KH,VN,,145.49978599948204,59.47377329046555
ID,KH,VN,,115.2948841329242,61.70186168668927
ID,KH,VN,,109.1248394997379,62.245844117360846
ID,KH,VN,,72.74989299969106,66.55483249986192
ID,KH,VN,,36.37494649987369,74.20102057228743
ID,KH,VN,,3.143872526448833e-10,98.08397238041367
ID,KR,,,235.9999999984827,60.489258661199315
ID,KR,,,212.66666666454077,61.12428558404285
ID,KR,,,206.33333333258628,61.340751127242896
ID,KR,,,176.99999999966496,62.546421147149786
ID,KR,,,147.33333333278233,64.44595219447194
ID,KR,,,117.9999999992642,67.2943129389531
ID,KR,,,106.33333333238838,68.72439112518761
ID,KR,,,88.33333333282232,71.32394645314085
ID,KR,,,58.999999999724096,77.71550950467588
ID,KR,,,29.47977663320668,87.92575813440733
ID,KR,,,4.6316669351397985e-08,109.1687473334433
ID,KR,PH,,269.6666666658173,68.19135349656615
ID,KR,PH,,247.33333333285017,68.83910355925532
ID,KR,PH,,235.66666666548403,69.2597952779031
ID,KR,PH,,201.9999999994818,70.73407156309194
ID,KR,PH,,168.3333333324182,73.00506261845172
ID,KR,PH,,134.6666666663849,76.31654146466484
ID,KR,PH,,123.666666666139,77.65394095344413
ID,KR,PH,,100.99999999966,80.88338467336763
ID,KR,PH,,67.33333333318355,87.71706531247804
ID,KR,PH,,33.66666666653699,98.82857620589819
ID,KR,PH,,1.64580884816345e-07,122.63236226374143
ID,LA,,,200.3165066567848,40.56160635015359
ID,LA,,,175.27694536235023,40.637033261843726
ID,LA,,,156.44282139866075,40.92122491750441
ID,LA,,,150.23738176445875,41.05688731711351
ID,LA,,,125.19781813291507,41.84014878539694
ID,LA,,,100.1582544997315,42.965669374565586
ID,LA,,,78.22141069929047,44.52476638830726
ID,LA,,,75.11869086628957,44.78942629091277
ID,LA,,,50.07912726642372,47.78160768611901
ID,LA,,,25.039563626457003,53.30724257159747
ID,LA,,,9.03004843560648e-11,70.5872084371037
ID,MM,,,191.7904021831254,41.38615904899582
ID,MM,,,171.3333333321472,41.493508576662855
ID,MM,,,167.33333332987527,41.549735376474274
ID,MM,,,146.9999999992843,41.97597104718081
ID,MM,,,122.3333333321256,42.81681825889114
ID,MM,,,97.99999999941134,43.956898654968576
ID,MM,,,83.66666666626149,44.93831596906946
ID,MM,,,73.33333333291984,45.82000447024443
ID,MM,,,48.99999999981889,48.93215350435659
ID,MM,,,24.48534993591595,54.504556821352004
ID,MM,,,4.553387487207957e-07,71.71381433993356
ID,MM,AU,,174.00000150063755,48.03418634422002
ID,MM,AU,,160.0000006688999,48.31676589212936
ID,MM,AU,,152.33333584282204,48.517713546377024
ID,MM,AU,,130.3333379135446,49.261942624187114
ID,MM,AU,,108.66667037773212,50.19217034722406
ID,MM,AU,,87.00000485692446,51.5980262723315
ID,MM,AU,,80.00001240449109,52.167599681627266
ID,MM,AU,,65.3333436872901,53.72718569688566
ID,MM,AU,,43.33335687282186,56.93729547581686
ID,MM,AU,,21.74843536686844,62.8188429099117
ID,MM,AU,,4.861872244756353e-05,78.94608625328887
ID,MY,,,196.9999999983855,49.56114606032397
ID,MY,,,186.333333332406,49.79816290072176
ID,MY,,,172.3333333325332,50.19224238056439
ID,MY,,,147.6666666651279,51.08112991914006
ID,MY,,,122.99999999930616,52.20911494215657
ID,MY,,,98.3333333327312,53.85709985579044
ID,MY,,,93.33333333298434,54.256890766387805
ID,MY,,,73.99999999962752,56.146213862715896
ID,MY,,,49.33333333317632,59.60074504578671
ID,MY,,,24.61244550996399,65.85376206445767
ID,MY,,,2.795872258419598e-07,83.44536146063632
ID,MY,KR,,295.66666666241593,69.71747906510639
ID,MY,KR,,258.6666666643534,70.54550534196716
ID,MY,KR,,246.9999999975688,70.90292430535077
ID,MY,KR,,221.66666666531276,71.84959786432904
ID,MY,KR,,184.66666666604132,73.70793571053825
ID,MY,KR,,147.6666666655839,76.58139554856606
ID,MY,KR,,123.33333333297664,79.18608359326795
ID,MY,KR,,110.66666666640616,80.80045038175864
ID,MY,KR,,73.9999999997191,87.11958267961442
ID,MY,KR,,36.999999999870745,98.59827766232226
ID,MY,KR,,1.533714326507633e-07,123.68285730220096
ID,MY,PH,,230.66666666399732,57.259034357886925
ID,MY,PH,,220.99999999941764,57.49273572259248
ID,MY,PH,,201.66666666598903,58.07871679013374
ID,MY,PH,,172.99999999886802,59.19602532072151
ID,MY,PH,,143.99999999985036,60.660357327495014
ID,MY,PH,,115.33333333323182,62.74227099827772
ID,MY,PH,,110.6666666665673,63.146162846559946
ID,MY,PH,,86.33333333306886,65.69942497470689
ID,MY,PH,,57.66666667425687,69.88230066528526
ID,MY,PH,,28.82166154144588,76.87190987869589
ID,MY,PH,,7.660935741338544e-07,96.90897587140698
ID,MY,PH,KR,329.3333106468364,77.39945111652935
ID,MY,PH,KR,287.9999844638508,78.41398568128426
ID,MY,PH,KR,281.6666554668113,78.61761555745275
ID,MY,PH,KR,246.9999952387529,79.96932536815554
ID,MY,PH,KR,205.66666523278312,82.20181093074801
ID,MY,PH,KR,164.66666564939086,85.54544307041276
ID,MY,PH,KR,140.66666616282194,88.12761813091839
ID,MY,PH,KR,123.33333307430692,90.3463415037678
ID,MY,PH,KR,82.33333306780494,97.28367865422297
ID,MY,PH,KR,40.99999980732145,109.66932011126508
ID,MY,PH,KR,0.0,137.14653385840455
ID,PH,,,170.9999999982042,48.180288323901756
ID,PH,,,151.9999999997425,48.875933682822236
ID,PH,,,132.99999999925802,49.70295334946267
ID,PH,,,113.99999999981644,50.840684251148474
ID,PH,,,94.99999999953651,52.34496833095963
ID,PH,,,93.66666666628412,52.46705336825007
ID,PH,,,75.99999999983255,54.41174650731398
ID,PH,,,56.99999999978435,57.092585979715054
ID,PH,,,38.00000004942065,60.540570113767835
ID,PH,,,18.984871191719456,67.33838226378215
ID,PH,,,3.0793486689893304e-07,82.39486622174756
IN,,,,3461.388232214233,43.28308008730762
IN,,,,3123.2833325014085,44.20340160834792
IN,,,,2776.623566245221,45.18858405154406
IN,,,,2429.9756212635743,46.22865850168072
IN,,,,2083.3163183410875,47.561224549595735
IN,,,,1736.6433912646048,49.051202187219246
IN,,,,1389.9806145270295,51.31620133206731
IN,,,,1039.9920291952465,54.511366185105906
IN,,,,693.3317963147596,59.565988719112546
IN,,,,346.6663442822358,67.6592652005879
IN,,,,0.0,105.40254002763601
IN,JP,,,173.99999999872745,109.30958614283453
IN,JP,,,159.9999999993802,110.77414699926112
IN,JP,,,152.33333333205027,111.63410907553869
IN,JP,,,130.33333333269985,114.45983758715978
IN,JP,,,108.6666666654576,117.98033132221087
IN,JP,,,86.99999999912328,122.38230087080808
IN,JP,,,79.99999999916047,124.05564147571029
IN,JP,,,65.33333333242766,128.0832479225551
IN,JP,,,43.33333333284508,135.51672413473761
IN,JP,,,21.748417165824225,144.021258065372
IN,JP,,,1.5483246938515175e-08,158.34732097501623
IN,KR,CN,JP,173.99999999918947,308.62021249626525
IN,KR,CN,JP,159.99999999928747,312.34320346611895
IN,KR,CN,JP,152.33333333253114,314.45805998082847
IN,KR,CN,JP,130.33333333261228,320.81332750219394
IN,KR,CN,JP,108.66666666615204,327.7385050918241
IN,KR,CN,JP,86.9999999994421,335.4697012539258
IN,KR,CN,JP,79.99999999959793,338.1520965675837
IN,KR,CN,JP,65.3333333327212,343.93433778707674
IN,KR,CN,JP,43.33333333298753,353.3943546052196
IN,KR,CN,JP,21.748417166471476,365.7847964077159
IN,KR,CN,JP,1.8763044277151637e-08,382.5580106141295
JP,,,,639.9965515196872,18.68825728329146
JP,,,,576.6617749390712,18.94882727003417
JP,,,,509.99728769786617,19.32653835522968
JP,,,,446.6617645198122,19.692986375950653
JP,,,,383.3319543568148,20.066840870728328
JP,,,,319.6656335716383,20.685264361385983
JP,,,,255.6664791191844,21.790424050271056
JP,,,,191.6663726186463,23.10328952153713
JP,,,,127.99998362942284,24.92396206369033
JP,,,,63.999997717093144,28.71430690982804
JP,,,,0.0,52.94496692075122
KE,,,,3.545379967963504,2.2855693966660113
KE,,,,3.102208202364723,2.290828777815724
KE,,,,2.6590356325444886,2.3152586600344844
KE,,,,2.4117689105361912,2.3417823752038274
KE,,,,2.2158630529485146,2.369577649994247
KE,,,,1.7726904609514695,2.4465353598080375
KE,,,,1.3295178314735314,2.523968589329849
KE,,,,1.2058844664859387,2.545570383220299
KE,,,,0.8863452241166009,2.609540023445117
KE,,,,0.4431726730233787,2.7940133539347887
KE,,,,8.723226260515654e-08,3.9319394163423915
KE,ZA,EG,NG,118.28580066484804,48.20069694599669
KE,ZA,EG,NG,104.9999998995432,48.27780208779643
KE,ZA,EG,NG,91.99999996525808,48.54326692533174
KE,ZA,EG,NG,78.99999996866435,49.016307131844385
KE,ZA,EG,NG,77.99999997122609,49.068521239284344
KE,ZA,EG,NG,65.66666665833465,49.85979335200825
KE,ZA,EG,NG,52.666666662514395,51.16311939665458
KE,ZA,EG,NG,39.33333332969872,53.00300956994147
KE,ZA,EG,NG,26.285656165281907,55.632570690194314
KE,ZA,EG,NG,13.142828066416788,60.688725416542944
KE,ZA,EG,NG,9.811648575886173e-07,73.23582565111833
KH,,,,8.966666652725886,1.989696206008357
KH,,,,7.69189884907589,2.001561118993361
KH,,,,7.433333332749372,2.0064324531124766
KH,,,,6.4099157113451595,2.038858808354582
KH,,,,5.127932568572309,2.130691214792332
KH,,,,4.950382702055458,2.1478131864349974
KH,,,,3.845949428637147,2.2818653592474023
KH,,,,2.563966285086976,2.5532165385097927
KH,,,,2.475191350741173,2.5789227995733035
KH,,,,1.2819831424388348,2.9502231733102646
KH,,,,0.0,3.8068304421096033
KH,TH,,,74.85241550732866,17.280153868683186
KH,TH,,,65.49588345321507,17.34421447722962
KH,TH,,,60.56479062349441,17.4139662799166
KH,TH,,,56.13933115998221,17.500698669990804
KH,TH,,,46.78277593027405,17.785580948080472
KH,TH,,,37.42622095045797,18.255795018822294
KH,TH,,,30.28239590636679,18.808280568410574
KH,TH,,,28.06966569124843,19.04542709683462
KH,TH,,,18.713110475727472,20.47337160621361
KH,TH,,,9.35655522468082,22.70024691830137
KH,TH,,,0.0,28.597754473870975
KH,TH,LA,,76.87070171208092,17.627973031840924
KH,TH,LA,,67.2619059308658,17.69324001560282
KH,TH,LA,,61.8861228682153,17.77036717745381
KH,TH,LA,,57.65306315141688,17.85415862771658
KH,TH,LA,,48.044219327546315,18.147773041846243
KH,TH,LA,,38.43537544565326,18.631272281635518
KH,TH,LA,,30.94306170725046,19.214433311963507
KH,TH,LA,,28.82653159588177,19.441245535385573
KH,TH,LA,,19.2176877286595,20.890595791690036
KH,TH,LA,,9.608843860175464,23.163159733150565
KH,TH,LA,,0.0,29.15713366038508
KH,TH,VN,,158.57937158426628,31.03998015593439
KH,TH,VN,,138.75743685829065,31.1418051379489
KH,TH,VN,,131.0826849695453,31.225362920621862
KH,TH,VN,,118.9349478044653,31.434153190637566
KH,TH,VN,,99.11245713274818,32.01416548118603
KH,TH,VN,,79.28996570237342,33.00063075041668
KH,TH,VN,,65.54134366736925,34.01682885771635
KH,TH,VN,,59.46747437903422,34.57564782818474
KH,TH,VN,,39.64498292999272,37.0225429111118
KH,TH,VN,,19.822491452331132,41.09337927653644
KH,TH,VN,,0.0,52.847019281061975
KH,TH,VN,LA,160.59764016938794,31.387797109020177
KH,TH,VN,LA,140.52345721011298,31.490854192452332
KH,TH,VN,LA,132.40401803742395,31.579979733643196
KH,TH,VN,LA,120.44868022089348,31.787494375948484
KH,TH,VN,LA,100.3739001664726,32.37634395081902
KH,TH,VN,LA,80.29912040278117,33.37611394235834
KH,TH,VN,LA,66.20200948918254,34.42066685406968
KH,TH,VN,LA,60.2243402824531,34.972036886545474
KH,TH,VN,LA,40.14956019464576,37.44638640178122
KH,TH,VN,LA,20.074780087953595,41.55664630813431
KH,TH,VN,LA,0.0,53.406381069149504
KH,VN,LA,,94.7192198785359,16.097318158935835
KH,VN,LA,,82.87972044374884,16.146653561540454
KH,VN,LA,,76.78960951078277,16.210224626272893
KH,VN,LA,,71.03976065230482,16.30781902961289
KH,VN,LA,,59.1998005817624,16.659538028042483
KH,VN,LA,,47.35984044008787,17.279051346553366
KH,VN,LA,,38.39480496404558,17.989100159736964
KH,VN,LA,,35.51988033803592,18.25328331563508
KH,VN,LA,,23.679920218208927,19.62452103194625
KH,VN,LA,,11.83996011901344,21.839633969843668
KH,VN,LA,,0.0,28.615453516939397
KR,,,,98.64810587198788,20.3016927257153
KR,,,,90.66666666560783,20.336731750730316
KR,,,,84.666666664494,20.424385566732663
KR,,,,70.33333333273343,20.9802656805019
KR,,,,60.33333333280986,21.813801585603706
KR,,,,56.33333333287465,22.21979394002844
KR,,,,42.3333333325096,24.08495271871974
KR,,,,30.21461686642619,26.995770230470306
KR,,,,28.18517133265561,27.577879763275323
KR,,,,14.092585666437284,32.035551524681075
KR,,,,3.2447412696853647e-09,40.23749681150644
KR,CN,,,173.9999999995303,170.00723492806063
KR,CN,,,159.99999999883772,171.8020849946162
KR,CN,,,152.3333333330694,172.91508055039134
KR,CN,,,130.33333333269894,176.58811358810394
KR,CN,,,108.6666666657622,181.00281178125965
KR,CN,,,86.99999999954929,186.39751330436016
KR,CN,,,79.99999999955251,188.34522005320176
KR,CN,,,65.33333333278897,192.66786034553076
KR,CN,,,43.33333333281311,200.088101975334
KR,CN,,,21.74841716652957,209.83080527728518
KR,CN,,,9.817982942892921e-09,224.2106927139357
KR,CN,IN,,173.99999999902758,266.23640949953744
KR,CN,IN,,159.9999999990409,269.08616156873444
KR,CN,IN,,152.33333333261623,270.7502604154977
KR,CN,IN,,130.33333333270912,276.1517644043949
KR,CN,IN,,108.66666666611718,282.18306024132636
KR,CN,IN,,86.99999999962658,288.86350770157844
KR,CN,IN,,79.999999999217,291.248638086363
KR,CN,IN,,65.33333333259331,296.4853835054022
KR,CN,IN,,43.33333333262218,305.07090094369784
KR,CN,IN,,21.74841716644163,314.98983638181716
KR,CN,IN,,1.8088775690063186e-08,329.61311351831125
KR,CN,JP,,173.999999999572,209.1027871402078
KR,CN,JP,,159.99999999952735,211.93258828399044
KR,CN,JP,,152.3333333329656,213.56611778820508
KR,CN,JP,,130.333333332882,218.93453870477862
KR,CN,JP,,108.66666666620704,224.89221179758766
KR,CN,JP,,86.9999999997955,231.40473375789043
KR,CN,JP,,79.99999999950722,233.71802035082712
KR,CN,JP,,65.33333333283737,238.95252035883388
KR,CN,JP,,43.333333333121075,248.27992338603988
KR,CN,JP,,21.74841716645681,260.5629016744492
KR,CN,JP,,1.5309619416532267e-08,277.15559112243625
KR,IN,,,173.9999999991141,102.4591089720606
KR,IN,,,159.99999999898392,103.78197428871239
KR,IN,,,152.3333333316045,104.56871659709682
KR,IN,,,130.33333333203262,107.04665763710042
KR,IN,,,108.66666666585373,109.80088371182599
KR,IN,,,86.99999999874875,113.53023312283258
KR,IN,,,79.99999999958476,115.05551207282059
KR,IN,,,65.33333333267124,118.98326682904883
KR,IN,,,43.3333333324026,125.80815810990359
KR,IN,,,21.748417166292292,134.0375393079915
KR,IN,,,1.6004344533178285e-08,145.63991870667311
KR,IN,JP,,173.99999999951785,138.27000048156444
KR,IN,JP,,159.99999999937444,140.52210089137827
KR,IN,JP,,152.33333333293064,141.81766025674307
KR,IN,JP,,130.3333333329314,146.16523345373741
KR,IN,JP,,108.6666666661975,151.435880939986
KR,IN,JP,,86.99999999922672,157.55984176807434
KR,IN,JP,,79.99999999949885,159.65660775758474
KR,IN,JP,,65.33333333295833,164.62165312852176
KR,IN,JP,,43.333333332603694,173.06743986308356
KR,IN,JP,,21.74841716597643,182.4614468744425
KR,IN,JP,,2.173328290492126e-08,198.5848178971818
KR,JP,,,173.99999999956563,46.7394152573036
KR,JP,,,159.99999999879245,47.370105217839246
KR,JP,,,152.33333333304986,47.76308161515687
KR,JP,,,130.33333333254816,49.582851622592464
KR,JP,,,108.66666666646124,52.40883957014223
KR,JP,,,86.99999999975708,56.38997435223873
KR,JP,,,79.99999999981146,57.86513788974836
KR,JP,,,65.33333333273214,61.71055630895172
KR,JP,,,43.33333333268737,68.27079146881034
KR,JP,,,21.748417166150222,77.3229126318397
KR,JP,,,1.4979822726493193e-08,93.18239425188618
KR,LA,,,98.66666664639858,20.644774487846146
KR,LA,,,90.6666666625462,20.69854231480993
KR,LA,,,84.66666666464498,20.80491921485276
KR,LA,,,70.33333333294742,21.41029898726352
KR,LA,,,60.66666666618797,22.24127118255965
KR,LA,,,56.33333333279763,22.688321800099857
KR,LA,,,42.33333333314128,24.582854889224198
KR,LA,,,30.257306766510272,27.502873720443205
KR,LA,,,28.18517616646052,28.097994136954217
KR,LA,,,14.092588099733948,32.56399934591298
KR,LA,,,8.451041991394584e-08,40.777965109198334
KR,MY,,,158.33333332693985,29.509012180738296
KR,MY,,,141.66666666492728,29.7173329621309
KR,MY,,,135.66666666576316,29.819150636320742
KR,MY,,,112.99999999911762,30.361909263603884
KR,MY,,,94.66666666599856,31.179558726144336
KR,MY,,,90.3333333322002,31.451435242208102
KR,MY,,,67.99999999939624,33.38292415653402
KR,MY,,,47.333333332838215,36.183177549622
KR,MY,,,45.33333333286864,36.56597504948631
KR,MY,,,22.622507033277653,42.81558596521637
KR,MY,,,1.6272409335569385e-07,54.75160536815704
KR,MY,PH,,191.99999999549863,37.12775162205349
KR,MY,PH,,167.99999999941747,37.5323578267102
KR,MY,PH,,143.99999999962728,38.21009483854188
KR,MY,PH,,129.33333333303668,38.85600583561852
KR,MY,PH,,119.99999999955,39.38080873617298
KR,MY,PH,,95.9999999994032,41.279812461465326
KR,MY,PH,,71.9999999997315,43.8843601241964
KR,MY,PH,,64.66666666630799,44.95173602105628
KR,MY,PH,,47.99999999989936,47.99320781318036
KR,MY,PH,,24.003909433268895,54.85029671514315
KR,MY,PH,,2.72836054854749e-07,68.21521920725998
KR,PH,,,132.3333333323318,27.866746487807717
KR,PH,,,115.66666666607436,28.22164657264534
KR,PH,,,99.33333333312534,28.957551914693976
KR,PH,,,94.9999999996956,29.234126692358426
KR,PH,,,82.66666666640397,30.266079266603366
KR,PH,,,65.99999999936614,32.061493468740025
KR,PH,,,49.66666666645393,34.54980490981912
KR,PH,,,47.66666666629778,34.915017248682155
KR,PH,,,33.080456499476234,38.53215302054753
KR,PH,,,16.540228233140308,43.75671545691031
KR,PH,,,2.6567796635338527e-08,53.70111090150055
KR,TH,,,153.3333333301447,35.28903027248653
KR,TH,,,133.9999999994489,35.537256227014616
KR,TH,,,114.99999999977622,36.08670754768356
KR,TH,,,113.33333333304732,36.15648899137481
KR,TH,,,95.6666666662246,37.13718110093212
KR,TH,,,76.66666666599967,38.93421713176785
KR,TH,,,57.333333332953345,41.69485228790768
KR,TH,,,56.66666666647396,41.81911191442469
KR,TH,,,38.333333332811335,46.14566737330399
KR,TH,,,19.15277149949922,52.1892718367312
KR,TH,,,2.7578881596904432e-08,64.28965605579266
KR,TH,LA,,153.33333333132057,35.642111490004
KR,TH,LA,,133.99999999934818,35.915454328953444
KR,TH,LA,,114.9999999996234,36.49224350161681
KR,TH,LA,,113.33333333316754,36.56379992242641
KR,TH,LA,,95.66666666649589,37.575003560991675
KR,TH,LA,,76.66666666630039,39.4054746461042
KR,TH,LA,,57.33333333320147,42.19370721761836
KR,TH,LA,,56.66666666643589,42.32176531658452
KR,TH,LA,,38.33333333315603,46.66424457568767
KR,TH,LA,,19.152773599778214,52.7180594398253
KR,TH,LA,,8.665008170557033e-08,64.8301244522097
KR,TH,VN,,196.0000000015288,48.80906413822148
KR,TH,VN,,171.33333343519308,49.40484858007145
KR,TH,VN,,167.0000001711598,49.55581783409387
KR,TH,VN,,147.00000014951348,50.456079439616516
KR,TH,VN,,122.33333366290596,52.17180440520628
KR,TH,VN,,98.00000019508842,54.695364879357115
KR,TH,VN,,83.66666689941523,56.56355524580351
KR,TH,VN,,73.33333355139708,58.12594046678185
KR,TH,VN,,49.00000056974246,63.39276511702887
KR,TH,VN,,24.48534912121977,71.2535116543469
KR,TH,VN,,2.0357277121167114e-06,86.79113913993281
KR,VN,LA,,141.33333348021583,34.17372161926222
KR,VN,LA,,123.66666704566238,34.731648371485925
KR,VN,LA,,114.33333379033256,35.182772270471176
KR,VN,LA,,106.00000049795864,35.69405439189815
KR,VN,LA,,88.33333418000423,37.28144545160482
KR,VN,LA,,70.66666719415848,39.294361377693136
KR,VN,LA,,57.00000098883359,41.26062617080158
KR,VN,LA,,53.00000083469124,41.93131960132508
KR,VN,LA,,35.33333451370324,46.33692615634013
KR,VN,LA,,17.663592876193867,52.388448189070964
KR,VN,LA,,2.1594048959137085e-06,63.27944704937749
LA,,,,2.016666594849396,0.3478205203986661
LA,,,,1.983333333297164,0.34784467902952637
LA,,,,1.7299791429989575,0.3494328919712206
LA,,,,1.4416492856325944,0.35561166667218486
LA,,,,1.3213315568546553,0.3598853883108459
LA,,,,1.1533194286663762,0.3673321185080841
LA,,,,0.8649895712623231,0.3862430072684826
LA,,,,0.6606657785975049,0.40648682210483283
LA,,,,0.5766597142915874,0.4159260796413151
LA,,,,0.2883298571086597,0.4608392598444731
LA,,,,0.0,0.5593776747525925
LA,BN,,,6.5109981562599435,0.6460823602985755
LA,BN,,,5.4258317966420515,0.6528158200730444
LA,BN,,,5.282420909996102,0.6547324441877348
LA,BN,,,4.340665436637367,0.6745660744426647
LA,BN,,,3.961815679974687,0.6870960335025139
LA,BN,,,3.2554990783134894,0.7139996385099935
LA,BN,,,2.641210454271636,0.7413471933664342
LA,BN,,,2.1703327189825146,0.7695788198562599
LA,BN,,,1.320605227319085,0.8631017619987083
LA,BN,,,1.0851663593205363,0.9021454599717116
LA,BN,,,1.5835389096208983e-10,1.2626988714290073
LA,KH,,,10.992187727787387,2.33751063473734
LA,KH,,,9.421877998670055,2.3507115010720647
LA,KH,,,9.407571388462877,2.350965285802196
LA,KH,,,7.851564998402901,2.392594965909117
LA,KH,,,6.281251999140042,2.491651808250628
LA,KH,,,6.271714259128264,2.4924429566331776
LA,KH,,,4.710938999500885,2.6557524646927
LA,KH,,,3.1406259996169195,2.9315199276873054
LA,KH,,,3.1358571303963254,2.932675259844529
LA,KH,,,1.5703129996575806,3.3954538267259085
LA,KH,,,0.0,4.366208088218119
LA,MY,,,97.56760742404845,9.633476089788639
LA,MY,,,81.3063408306223,9.66470777198753
LA,MY,,,78.58051005954884,9.678194243657854
LA,MY,,,65.04507266565864,9.780228007592122
LA,MY,,,58.93538256628233,9.86004612596022
LA,MY,,,48.783804499725456,10.027346012262543
LA,MY,,,39.29025503277373,10.24759486076714
LA,MY,,,32.52253633267321,10.491876163588518
LA,MY,,,19.64512751969256,11.272981971317815
LA,MY,,,16.2612681660697,11.571688662987365
LA,MY,,,1.3335602847930006e-10,15.706898771367753
LA,TH,,,54.66666666525824,15.387288760024529
LA,TH,,,52.99999999929386,15.416048973995846
LA,TH,,,47.6666666661054,15.529276283003032
LA,TH,,,40.99999999966237,15.731546107554049
LA,TH,,,33.99999999987822,16.041355796765703
LA,TH,,,27.287044533041144,16.476661146831148
LA,TH,,,26.498297799701614,16.542941590617332
LA,TH,,,20.465283399868554,17.203204143693576
LA,TH,,,13.643522266608302,18.413052514812385
LA,TH,,,6.821761135088992,20.040591821684217
LA,TH,,,1.6254762036208745e-07,24.592627784586355
MA,,,,7.897525392620795,3.1046584833593367
MA,,,,7.0200226386804685,3.1092175021833004
MA,,,,6.794054937519236,3.1122068701799686
MA,,,,6.142520019210062,3.127189076250974
MA,,,,5.265017711193269,3.1607093150328156
MA,,,,4.3875143541595865,3.224052996096271
MA,,,,3.5100123060828374,3.3034941097045176
MA,,,,2.632509578679909,3.3997268025727374
MA,,,,1.7550074158168316,3.5316415150083147
MA,,,,0.8775039710156818,3.7177747038668105
MA,,,,1.948257518499429e-06,4.177349904827134
MA,FR,DE,TR,46.999999999784826,47.79712563006879
MA,FR,DE,TR,42.66666666652397,48.610903035051365
MA,FR,DE,TR,37.333333333145625,49.6992415877728
MA,FR,DE,TR,31.98659496654772,50.96730052420804
MA,FR,DE,TR,26.65549579985556,52.36454582741833
MA,FR,DE,TR,23.519051133236676,53.22955557608121
MA,FR,DE,TR,21.324396633144847,53.8465083342437
MA,FR,DE,TR,15.993297466523025,55.39606091710952
MA,FR,DE,TR,10.662198333230334,57.11686249324029
MA,FR,DE,TR,5.331099166511756,59.15416944450227
MA,FR,DE,TR,1.7219104644954646e-08,64.923107161118
MA,KE,,,11.442906215579962,5.390227885052863
MA,KE,,,10.171472294981152,5.39807868427892
MA,KE,,,8.900038541826877,5.428360030808166
MA,KE,,,7.9999395809797536,5.468108312172095
MA,KE,,,7.628604414170428,5.4931232259488
MA,KE,,,6.357170283256266,5.599879259426918
MA,KE,,,5.085736697470236,5.736549912833469
MA,KE,,,3.814303030077612,5.927736764370868
MA,KE,,,2.542868955257254,6.151086574397279
MA,KE,,,1.2714350322614758,6.499253429620621
MA,KE,,,2.061934066767162e-06,8.109281474509185
MA,KE,EG,NG,93.19946350215749,40.11827968710017
MA,KE,EG,NG,83.00000512489801,40.185947861793935
MA,KE,EG,NG,72.33333898390325,40.43555602909555
MA,KE,EG,NG,62.000007526603696,40.911878664977536
MA,KE,EG,NG,61.000009720024046,40.9758876046702
MA,KE,EG,NG,51.66667968797905,41.73790814838598
MA,KE,EG,NG,41.333344929454825,42.9064586600297
MA,KE,EG,NG,31.06611812960653,44.49400428697482
MA,KE,EG,NG,20.71075097768298,46.68420673048267
MA,KE,EG,NG,10.355397066576684,50.73085796121591
MA,KE,EG,NG,2.546409465827652e-05,61.01539660366886
MM,,,,7.123971092188585,1.6742298649369283
MM,,,,7.1238945984341395,1.6742264995137268
MM,,,,7.123867229339023,1.6742267398842472
MM,,,,7.1238641949046615,1.6742258492510342
MM,,,,7.123843414011003,1.6742263749787334
MM,,,,7.123815940899448,1.6742253176074327
MM,,,,7.123814746961703,1.6742255834075102
MM,,,,6.284346137320152,1.6765327164664847
MM,,,,4.189564589538306,1.7059007846928607
MM,,,,2.0947823219840873,1.7969297599977927
MM,,,,0.0,2.782563269581391
MY,,,,95.54888773439237,9.28566415315163
MY,,,,94.99999854783728,9.285692654601034
MY,,,,76.43943307207363,9.331356374443214
MY,,,,75.9378437620167,9.334072057592094
MY,,,,57.329579971372674,9.508819431168739
MY,,,,56.95338516007351,9.514533887771291
MY,,,,38.21971999370338,9.881291819362586
MY,,,,37.96892333372458,9.888496068004345
MY,,,,19.1098599957374,10.859704143078094
MY,,,,18.984461739666852,10.869763520700891
MY,,,,0.0,15.147512132915761
MY,BN,,,100.04198783786534,9.583917202798421
MY,BN,,,98.22200588734631,9.584324816146633
MY,BN,,,80.03359133263618,9.63393970038043
MY,BN,,,78.57760476334862,9.642124217994247
MY,BN,,,60.02519349985623,9.827211455719045
MY,BN,,,58.933203565744634,9.84418338237812
MY,BN,,,40.01679566608027,10.23277942704246
MY,BN,,,39.28880236647042,10.25573671983154
MY,BN,,,20.00839782965689,11.275935685432646
MY,BN,,,19.6444011895731,11.306720339432884
MY,BN,,,1.3602027392348624e-10,15.85084144004513
MY,BN,PH,,152.7486873268707,17.187330373540973
MY,BN,PH,,130.92744783217205,17.23755352495857
MY,BN,PH,,114.68822013314204,17.352411025814856
MY,BN,PH,,109.106206532694,17.415416399924364
MY,BN,PH,,87.2849652326915,17.777172791695406
MY,BN,PH,,76.45881343251446,18.05953333881476
MY,BN,PH,,65.46372393282181,18.462773403887233
MY,BN,PH,,43.64248259992756,19.784324460627474
MY,BN,PH,,38.229406699724045,20.27030670381438
MY,BN,PH,,21.821241306286,22.275808113313218
MY,BN,PH,,2.26905464629329e-10,29.96925075929215
MY,BN,PH,TH,218.6272479489288,32.47780641212103
MY,BN,PH,TH,198.10983393204663,32.518143913595594
MY,BN,PH,TH,187.394784996295,32.575090633583365
MY,BN,PH,TH,156.1623208329469,32.906192756424325
MY,BN,PH,TH,132.0732226330937,33.36031703849052
MY,BN,PH,TH,124.9298566661316,33.54564196131268
MY,BN,PH,TH,93.69739249974693,34.77714268651706
MY,BN,PH,TH,66.03661129955069,36.69483354762908
MY,BN,PH,TH,62.464928332917786,37.03456299090324
MY,BN,PH,TH,31.232464166350415,41.46388770413614
MY,BN,PH,TH,2.7456350031743316e-10,54.76021059080129
MY,BN,TH,,165.92054898448745,24.87439292780551
MY,BN,TH,,142.35481736368826,24.938180607040536
MY,BN,TH,,142.21761356299606,24.93895635173176
MY,BN,TH,,118.5146779653588,25.15429492830998
MY,BN,TH,,94.90321156596129,25.5661774672065
MY,BN,TH,,94.81174236590928,25.568192043132065
MY,BN,TH,,71.10880676634429,26.334122143499698
MY,BN,TH,,47.45160579974768,27.742762221366682
MY,BN,TH,,47.405871199872145,27.746545301330336
MY,BN,TH,,23.702935593150535,30.628011035891777
MY,BN,TH,,1.7387042652518844e-10,40.6418011583086
MY,PH,,,93.33333333139952,16.919867500445125
MY,PH,,,81.66666666536695,17.144365085039496
MY,PH,,,69.99999999885198,17.46076621380046
MY,PH,,,68.66666666571551,17.505614801368935
MY,PH,,,58.33333333475692,17.942129567687633
MY,PH,,,46.66666669629475,18.598123530269653
MY,PH,,,35.00000002446916,19.53377883673051
MY,PH,,,34.33333342031681,19.596477073258875
MY,PH,,,23.345793993362953,20.771725695645305
MY,PH,,,11.672897085082155,22.695968796021408
MY,PH,,,5.047707788249307e-07,27.97772263475158
MY,PH,TH,,214.13455947632957,32.17954416648529
MY,PH,TH,,196.1300155625891,32.2099482169534
MY,PH,TH,,183.54390856602947,32.27366055664137
MY,PH,TH,,152.95325713272493,32.59549286904638
MY,PH,TH,,130.7533437329134,33.00523824446678
MY,PH,TH,,122.36260569906064,33.21728868444643
MY,PH,TH,,91.77195429959512,34.42622663068934
MY,PH,TH,,65.37667186623469,36.25303766381071
MY,PH,TH,,61.181302866423486,36.65158242196421
MY,PH,TH,,30.59065142951825,40.992840049439636
MY,PH,TH,,1.0628794359180412e-10,54.05688876012444
MY,TH,,,161.42785742621726,24.57613158336586
MY,TH,,,140.3749990284178,24.62677845246412
MY,TH,,,138.36673713224548,24.637693755074565
MY,TH,,,115.30561429766652,24.844479734070376
MY,TH,,,93.58333266581457,25.214174665841014
MY,TH,,,92.24449143291154,25.24277208563161
MY,TH,,,69.18336856597806,25.979548868613488
MY,TH,,,46.791666332985365,27.307238346611225
MY,TH,,,46.12224569986678,27.361842884676335
MY,TH,,,23.061122856431876,30.15767710084847
MY,TH,,,8.572001263204153e-11,39.938480204608574
MY,VN,LA,,181.29479810532123,23.39330588884055
MY,VN,LA,,164.71222613183647,23.416195352469003
MY,VN,LA,,155.39579913084793,23.45657752368041
MY,VN,LA,,129.4964992987403,23.675315670243496
MY,VN,LA,,109.808150765293,23.99462882629904
MY,VN,LA,,103.59719943197275,24.127906891653502
MY,VN,LA,,77.69789956637835,25.02899160291601
MY,VN,LA,,54.9040753665259,26.50000816099858
MY,VN,LA,,51.79859969971936,26.76290184147618
MY,VN,LA,,25.899299856258203,29.647648966490845
MY,VN,LA,,3.3438489712121496e-10,39.956195748296196
NG,,,,58.999999866052086,22.18183161470343
NG,,,,56.66666665347157,22.189100934496338
NG,,,,51.66666665625534,22.23170552296328
NG,,,,44.333333331800986,22.40534900023092
NG,,,,36.999999999378225,22.827286896698894
NG,,,,29.561080666067127,23.63273117793988
NG,,,,28.4120299324883,23.773586327145832
NG,,,,22.17081050156626,24.697684818732945
NG,,,,14.780540357991049,26.23958334145413
NG,,,,7.390270307540648,29.625461166043287
NG,,,,8.035832333890089e-08,37.19768173467676
NG,KE,,,62.66666502320553,24.46735679738859
NG,KE,,,59.33333330588562,24.478358386704162
NG,KE,,,54.99999998496797,24.518224196227926
NG,KE,,,47.00000011038335,24.7109918255084
NG,KE,,,39.33333360708276,25.170645193168255
NG,KE,,,31.333771341075877,26.052751927884078
NG,KE,,,29.617914626873485,26.267265495920604
NG,KE,,,23.5003285456222,27.219813977647846
NG,KE,,,15.666885990216269,28.848633398221125
NG,KE,,,7.833443873347751,32.419266894264545
NG,KE,,,2.0257395086792354e-06,41.12961223020836
NG,MA,,,66.99999989944122,25.28645175094461
NG,MA,,,59.66666665490304,25.328280437087443
NG,MA,,,52.00000005772787,25.483035582082703
NG,MA,,,44.666666995984656,25.816321431726735
NG,MA,,,37.33333366723296,26.444860566518727
NG,MA,,,35.3333338215717,26.667326331086585
NG,MA,,,29.78652794367824,27.33126583205167
NG,MA,,,22.339895742451255,28.523468493467277
NG,MA,,,14.893264684237076,30.169947437088638
NG,MA,,,7.446632792243421,33.696461118247285
NG,MA,,,2.291756762464667e-06,41.375032808378734
NG,MA,KE,,70.56529081082275,27.572014974709973
NG,MA,KE,,62.66666699586242,27.61901689324887
NG,MA,KE,,55.000000561499945,27.77680700741224
NG,MA,KE,,47.00000084985585,28.14983847227786
NG,MA,KE,,39.33333566419484,28.83159095646218
NG,MA,KE,,36.33333576384773,29.17024692093079
NG,MA,KE,,31.36225287156808,29.779438852808116
NG,MA,KE,,23.521690084718443,31.0724486371519
NG,MA,KE,,15.681127865902516,32.8056409761835
NG,MA,KE,,7.840567425900911,36.52174999603682
NG,MA,KE,,9.405515420895646e-06,45.30693005373069
PE,,,,6.12585708579485,3.2396757605861253
PE,,,,6.022468645504944,3.2397477751021304
PE,,,,5.3601311651178385,3.244001483491169
PE,,,,4.594398165511308,3.2565208087128843
PE,,,,3.828665133022882,3.278953287678799
PE,,,,3.0629321000287697,3.3097895752484034
PE,,,,3.011234333543954,3.3121571537404715
PE,,,,2.2971990664099535,3.348175166832635
PE,,,,1.5314660683649968,3.4146000531065495
PE,,,,0.7657330471467151,3.5454160756045807
PE,,,,9.944838810113648e-08,3.8625967966074515
PE,CL,,,7.276439318019312,5.292895377833364
PE,CL,,,7.059167513936419,5.293362728871484
PE,CL,,,6.467954065056779,5.297700285144952
PE,CL,,,5.659459828128922,5.311703205950667
PE,CL,,,4.8509655824663,5.336208935732146
PE,CL,,,4.042471317728092,5.369757316968153
PE,CL,,,3.233977085739819,5.411599912468099
PE,CL,,,2.4254829170641035,5.489672036312642
PE,CL,,,1.616988555979685,5.614792912527644
PE,CL,,,0.8084945172803439,5.807076634689018
PE,CL,,,2.486689738337692e-07,6.32400607590466
PH,,,,52.66666490198361,7.603415673664511
PH,,,,46.118360883209704,7.635000926427001
PH,,,,39.53002499939437,7.740871042161452
PH,,,,37.33333324243936,7.799664138223677
PH,,,,32.94168749318721,7.951056646838139
PH,,,,26.353349999825625,8.299633577290697
PH,,,,19.765012475133343,8.885282945897563
PH,,,,18.58500549539716,9.013761169364422
PH,,,,13.176674972097327,9.780784121992465
PH,,,,6.58833747829913,11.033320875236585
PH,,,,0.0,14.118402591605204
PH,TH,,,118.5852598647442,22.893889216368922
PH,TH,,,103.76210249883596,22.981209741837784
PH,TH,,,92.78442023291863,23.139576927488655
PH,TH,,,88.93894499979083,23.21850543846266
PH,TH,,,74.1157874998603,23.66729013972063
PH,TH,,,59.2926299998297,24.395509492907482
PH,TH,,,46.392210132906214,25.410748406154198
PH,TH,,,44.469472499688614,25.610548118988874
PH,TH,,,29.646314999892244,27.671112612666146
PH,TH,,,14.823157499863957,30.710263487339542
PH,TH,,,1.0223415234691351e-10,38.909368249605016
RU,,,,835.7229200479862,16.090840775760597
RU,,,,753.3237330288904,16.68922252713867
RU,,,,669.9845584698207,17.365784948895424
RU,,,,586.649708677147,18.0426274459044
RU,,,,503.31417942444546,18.719197214760115
RU,,,,416.6533471960441,19.422368089633107
RU,,,,333.3307413785475,20.098252983728926
RU,,,,250.9971791098195,20.766765807482304
RU,,,,167.33254282549004,21.449918437260038
RU,,,,83.66658180766368,22.251997750996576
RU,,,,0.0,25.977529060083093
RU,CN,,,173.9999999988236,166.25597094941313
RU,CN,,,159.99999999920635,167.7132637271258
RU,CN,,,152.3333333325502,168.53382831759166
RU,CN,,,130.33333333220858,171.12773749600865
RU,CN,,,108.66666666620736,174.1221604795402
RU,CN,,,86.99999999941039,177.93602173801972
RU,CN,,,79.99999999949922,179.34366852534419
RU,CN,,,65.33333333276134,182.70024228688575
RU,CN,,,43.33333333306816,188.80345640471236
RU,CN,,,21.74841716631926,196.80007180016472
RU,CN,,,1.623463483716516e-08,209.95072249110947
RU,CN,IN,,173.99999999880933,260.02844920799555
RU,CN,IN,,159.99999999932433,262.1943810148271
RU,CN,IN,,152.33333333290207,263.4562598007362
RU,CN,IN,,130.33333333240472,267.67926072262895
RU,CN,IN,,108.66666666599616,272.4942810694634
RU,CN,IN,,86.99999999955602,278.20089379753836
RU,CN,IN,,79.99999999927785,280.243508832949
RU,CN,IN,,65.33333333291854,285.06940698876247
RU,CN,IN,,43.33333333292644,293.15110788975585
RU,CN,IN,,21.7484171660655,301.89794055512687
RU,CN,IN,,2.6416622341999852e-08,315.3531427940513
RU,IN,,,173.99999999860373,100.57353371291046
RU,IN,,,159.999999997915,101.5107885555566
RU,IN,,,152.3333333316546,102.04172098263443
RU,IN,,,130.3333333318172,103.76880187779498
RU,IN,,,108.6666666648837,105.72963669990104
RU,IN,,,86.99999999913408,108.11671869199797
RU,IN,,,79.99999999917699,108.96828493936198
RU,IN,,,65.33333333257018,110.93585542139195
RU,IN,,,43.33333333248312,115.17555675989493
RU,IN,,,21.748417166106915,122.1427229818853
RU,IN,,,2.819164389225232e-08,131.3799467653347
RU,SA,CN,,173.99999999886333,179.79394151233677
RU,SA,CN,,159.99999999972957,181.2844594081402
RU,SA,CN,,152.33333333241703,182.1573462353633
RU,SA,CN,,130.33333333273742,184.87339664337097
RU,SA,CN,,108.666666666193,188.04692042216234
RU,SA,CN,,86.99999999972418,192.0279593236798
RU,SA,CN,,79.99999999936568,193.47153896645335
RU,SA,CN,,65.33333333309899,196.9483498208717
RU,SA,CN,,43.3333333331966,203.17658727787594
RU,SA,CN,,21.748417166438585,211.20393138930572
RU,SA,CN,,3.888881630957223e-08,224.35644487918776
RU,SA,IN,,173.99999999909608,113.64017568475569
RU,SA,IN,,159.99999999848637,114.65119945029677
RU,SA,IN,,152.33333333141616,115.24324173194516
RU,SA,IN,,130.33333333115985,117.1203055820361
RU,SA,IN,,108.66666666587868,119.28560031990031
RU,SA,IN,,86.99999999933613,121.81431330723557
RU,SA,IN,,79.99999999891388,122.72163940290469
RU,SA,IN,,65.33333333208817,124.86087420760347
RU,SA,IN,,43.33333333293133,129.5003122031097
RU,SA,IN,,21.74841716642637,136.53634956835378
RU,SA,IN,,1.81749978649824e-07,145.78567123300147
SA,,,,449.7259358843175,5.974963194560258
SA,,,,409.9977945336525,6.168071006777237
SA,,,,366.663800129151,6.389291055438571
SA,,,,319.665635329512,6.704372225439789
SA,,,,273.99874730719506,7.04415813439449
SA,,,,228.3329717570776,7.483832301069451
SA,,,,182.6663371055099,7.968096222145582
SA,,,,136.9998659461037,8.539952201952586
SA,,,,91.33326247948688,9.332689977856296
SA,,,,45.66666110347183,10.511484067222952
SA,,,,0.0,14.405730149969788
SA,CN,,,173.9999999994462,155.1046348502125
SA,CN,,,159.9999999995007,156.56209406644174
SA,CN,,,152.33333333197703,157.3822960367587
SA,CN,,,130.33333333289022,159.98378725303186
SA,CN,,,108.66666666607448,162.99565335441207
SA,CN,,,86.9999999992883,166.80565512915072
SA,CN,,,79.99999999930878,168.2136962903411
SA,CN,,,65.33333333280926,171.58123527634396
SA,CN,,,43.333333332928774,177.62800355592947
SA,CN,,,21.748417166323804,185.44626732853396
SA,CN,,,3.7673005958421235e-08,198.37891919820157
SA,CN,IN,,173.99999999939317,248.90072786211576
SA,CN,IN,,159.99999999953917,251.06640124342908
SA,CN,IN,,152.33333333209794,252.3272446376362
SA,CN,IN,,130.3333333327597,256.5489337716489
SA,CN,IN,,108.66666666613574,261.3750583197102
SA,CN,IN,,86.99999999930513,267.08821210906865
SA,CN,IN,,79.99999999929808,269.10699954627717
SA,CN,IN,,65.33333333301404,273.8567521982487
SA,CN,IN,,43.33333333287247,281.86684958364873
SA,CN,IN,,21.74841716613983,290.54377159036954
SA,CN,IN,,4.8704914083230176e-08,303.78133899302776
SA,IN,,,173.99999999863985,89.31909110244872
SA,IN,,,159.9999999976803,90.26941728288745
SA,IN,,,152.33333333229135,90.81954281804337
SA,IN,,,130.3333333311032,92.58911956603612
SA,IN,,,108.66666666515988,94.578208885291
SA,IN,,,86.99999999953003,96.97120405222896
SA,IN,,,79.99999999894582,97.82308861872916
SA,IN,,,65.33333333282076,99.8081354987914
SA,IN,,,43.33333333241761,104.06435964982875
SA,IN,,,21.74841716610223,110.88251854042666
SA,IN,,,5.52861445249508e-08,119.80814334991943
SA,IN,RU,CN,173.9999999996598,273.9229064243779
SA,IN,RU,CN,159.99999999908843,276.14915580767905
SA,IN,RU,CN,152.33333333257215,277.45339629614386
SA,IN,RU,CN,130.33333333298583,281.7860693556041
SA,IN,RU,CN,108.66666666614096,286.7385297907229
SA,IN,RU,CN,86.99999999946726,292.54934789415836
SA,IN,RU,CN,79.99999999948118,294.6048009890542
SA,IN,RU,CN,65.3333333328915,299.4546531911989
SA,IN,RU,CN,43.33333333307754,307.5470416715839
SA,IN,RU,CN,21.74841716632383,316.3017992781842
SA,IN,RU,CN,8.634869780243011e-08,329.75886588471633
SA,RU,,,173.99999999518755,31.342650853041793
SA,RU,,,159.9999999909497,31.54414474783793
SA,RU,,,152.3333333313588,31.661679596255222
SA,RU,,,130.3333333303699,32.027802326139714
SA,RU,,,108.66666665985636,32.4573113745141
SA,RU,,,86.99999999375349,32.972547669638786
SA,RU,,,79.99999999652496,33.16065245635524
SA,RU,,,65.3333333638885,33.63271496668544
SA,RU,,,43.33333478244814,34.59147064238092
SA,RU,,,21.748424909363298,36.001089947024376
SA,RU,,,2.6043433525320973e-05,40.38322681457307
SG,,,,37.49546872762298,4.345879627044009
SG,,,,37.477233796302095,4.346545227254736
SG,,,,37.09867573387574,4.361492644592801
SG,,,,36.72011794065394,4.377473742526041
SG,,,,36.341560054323445,4.393456260510063
SG,,,,35.963002118810316,4.409521102706889
SG,,,,35.58444420192699,4.425805024631645
SG,,,,35.20588626442703,4.442088573464844
SG,,,,34.827328352341105,4.458371285985378
SG,AU,,,110.24146259922227,10.563797773774931
SG,AU,,,110.24144315136088,10.563797718806914
SG,AU,,,110.24141713383376,10.563797644870283
SG,AU,,,110.24141459834648,10.563797633870141
SG,AU,,,110.2412408637942,10.563797140655259
SG,AU,,,97.99999986116904,10.568459881450083
SG,AU,,,83.66666659856409,10.584119098220675
SG,AU,,,73.33333331493994,10.600936203464837
SG,AU,,,48.99999999656894,10.71039607704326
SG,BN,,,41.98738416748093,4.644141747947905
SG,BN,,,40.009667623468665,4.677654993421702
SG,BN,,,35.564148992706784,4.890844650563689
SG,BN,TH,,107.86577576853992,19.93462831114706
SG,BN,TH,,96.7581685957455,20.01973352874115
SG,BN,TH,,92.45653290225606,20.09005469031934
SG,BN,TH,,77.04711097949047,20.56130553125438
SG,BN,TH,,64.505446402141,21.230212649696902
SG,BN,TH,,61.637688771990646,21.473278184054394
SG,BN,TH,,46.22826656231373,23.996273496246605
SG,ID,,,173.99999999883772,44.75693835060311
SG,ID,,,159.99999999933982,45.24479366726281
SG,ID,,,152.33333333286657,45.54629977351528
SG,ID,,,130.33333333276522,46.62888887378232
SG,ID,,,108.66666666607703,48.2798705079916
SG,ID,,,86.99999999990477,50.969147073346704
SG,ID,,,79.99999999987274,52.02547882501704
SG,ID,,,65.33333333662821,55.11072803532532
SG,ID,,,43.333333402052936,66.0185889108766
SG,ID,AU,,173.99999388992032,51.47702137653086
SG,ID,AU,,159.9999956469414,51.999838941849426
SG,ID,AU,,152.33333074441828,52.31917750544592
SG,ID,AU,,130.33333267934913,53.50070917456356
SG,ID,AU,,108.66666631733774,55.26755148608018
SG,ID,AU,,86.99999976104694,58.03948072552236
SG,ID,AU,,79.99999972756139,59.12363797309207
SG,ID,AU,,65.33333305582347,62.327320127802366
SG,ID,AU,,43.333333230771395,73.24610020069701
SG,ID,BN,,240.28558931428012,44.857927269570105
SG,ID,BN,,210.24989596432732,44.9869029172486
SG,ID,BN,,180.2141965327444,45.61031510013651
SG,ID,BN,,164.0125270991629,46.15288888068788
SG,ID,BN,,150.17849713293242,46.70425286822952
SG,ID,BN,,120.14279769971785,48.43970220035905
SG,ID,BN,,90.1070982665478,51.53593302039626
SG,ID,BN,,82.00626353317269,52.7152857543225
SG,ID,BN,,60.071398833275225,57.75189250195082
SG,ID,BN,TH,306.16414964883677,60.148403463739356
SG,ID,BN,TH,267.8936359652623,60.33184060072863
SG,ID,BN,TH,229.6231165319796,61.07058488409555
SG,ID,BN,TH,219.62693629901167,61.37210978112212
SG,ID,BN,TH,191.35259713308116,62.41682886872098
SG,ID,BN,TH,153.08207769976167,64.4910020034306
SG,ID,BN,TH,114.8115582665516,68.20757260279419
SG,ID,BN,TH,109.81346813317596,68.87868779795768
SG,ID,BN,TH,76.54103883312652,75.01055387423986
SG,ID,BN,TH,38.270519433202786,95.73975444752696
SG,ID,KH,,244.7675501810492,46.54936227144541
SG,ID,KH,,214.1716079978783,46.68520401479877
SG,ID,KH,,183.57566399865956,47.33035173930735
SG,ID,KH,,167.64303089968283,47.86842915456092
SG,ID,KH,,152.97971999907526,48.45971553068702
SG,ID,KH,,122.38377599949756,50.30752500765175
SG,ID,KH,,91.78783199967012,53.56565322681356
SG,ID,KH,,83.82151543298968,54.74787333823739
SG,ID,KH,,61.191887999841846,60.09851305664239
SG,ID,KH,VN,328.49503640901924,60.309193010155816
SG,ID,KH,VN,287.433161764834,60.47537846100836
SG,ID,KH,VN,246.3712814989618,61.23543485233594
SG,ID,KH,VN,238.1609265988488,61.47854265726678
SG,ID,KH,VN,205.3094012657961,62.68098727906404
SG,ID,KH,VN,164.2475209995501,65.016769746705
SG,ID,KH,VN,123.18564076634102,68.88450715521775
SG,ID,KH,VN,119.08046329971562,69.40212515338212
SG,ID,KH,VN,82.12376049969075,75.42460786204211
SG,ID,KH,VN,41.06188026652051,95.07827739673164
SG,ID,MM,,173.99999999815208,46.59383894859869
SG,ID,MM,,159.9999999982866,47.10166364795548
SG,ID,MM,,152.33333333238585,47.4130265398195
SG,ID,MM,,130.33333333290676,48.554726796579935
SG,ID,MM,,108.66666666644312,50.28836175306217
SG,ID,MM,,87.00000000611193,53.071009791587066
SG,ID,MM,,80.00000002958276,54.165374796584814
SG,ID,MM,,65.33333339656113,57.49124694788888
SG,ID,MM,,43.33333369941688,68.65550656059303
SG,ID,MM,AU,173.9999787793957,53.325188198691734
SG,ID,MM,AU,159.99998877118378,53.86448017430767
SG,ID,MM,AU,152.33332933875946,54.19177980911434
SG,ID,MM,AU,130.33333211287177,55.4359158276796
SG,ID,MM,AU,108.66666625578485,57.283374629518605
SG,ID,MM,AU,86.99999957145901,60.143589951210345
SG,ID,MM,AU,79.99999959392039,61.28002934223206
SG,ID,MM,AU,65.33333356446059,64.71088009631792
SG,ID,MM,AU,43.33333294838035,75.88404253559199
SG,ID,MY,,331.309863660334,53.845493500673214
SG,ID,MY,,300.99992680062604,53.89196151777374
SG,ID,MY,,284.00819703405415,53.98044824468292
SG,ID,MY,,236.6735289290854,54.64598053951761
SG,ID,MY,,200.6615616968032,55.65385908582625
SG,ID,MY,,189.33883401866825,56.08043774635817
SG,ID,MY,,142.00412941140294,58.604647823374435
SG,ID,MY,,100.33078548899294,62.70072168328556
SG,ID,MY,,94.6694195439221,63.48844439647874
SG,ID,MY,,47.334709908150856,78.42530785642705
SG,ID,MY,PH,383.3324267456318,61.448864197990936
SG,ID,MY,PH,356.6665457159746,61.48310607020116
SG,ID,MY,PH,329.18538362695847,61.620342026081616
SG,ID,MY,PH,274.32117995381657,62.42276391167269
SG,ID,MY,PH,237.8315764219224,63.453132031703404
SG,ID,MY,PH,219.4569494556149,64.14312995144968
SG,ID,MY,PH,164.59271496774804,67.18366651292914
SG,ID,MY,PH,118.9157909391833,71.70159761272018
SG,ID,MY,PH,109.72847676353425,72.96514188468541
SG,ID,MY,PH,54.86423843960478,87.5427096621961
SG,ID,PH,,288.6597259605095,52.16324874742564
SG,ID,PH,,252.43778380711592,52.319703207996554
SG,ID,PH,,216.375264702129,53.03978222615845
SG,ID,PH,,199.99999215416577,53.565690662958275
SG,ID,PH,,180.31272479038896,54.33736104123915
SG,ID,PH,,144.25018335641417,56.41980137419507
SG,ID,PH,,108.18763856449752,60.05354048288633
SG,ID,PH,,99.9313293529706,61.20517263360631
SG,ID,PH,,72.12509230957852,66.37097777466623
SG,ID,PH,,36.062546106809705,86.95648977458067
SG,ID,VN,,319.5211539192374,58.31949552662947
SG,ID,VN,,279.5810149968516,58.477784420943685
SG,ID,VN,,239.64086999842235,59.211359445520294
SG,ID,VN,,233.2105438989479,59.39879627856227
SG,ID,VN,,199.70072499876613,60.60970643074641
SG,ID,VN,,159.76057999960742,62.842545886903245
SG,ID,VN,,119.82043499980584,66.55071331605134
SG,ID,VN,,116.60527196633304,66.94965713743454
SG,ID,VN,,79.88028999963532,72.8126846596879
SG,ID,VN,,39.94014499984362,92.57037998768273
SG,KH,,,46.46934837856067,6.335576881243176
SG,KH,,,43.82539366626811,6.386262377106274
SG,KH,,,37.564623133229055,6.9239610013529544
SG,KH,VN,,130.19639600115002,20.095406862031286
SG,KH,VN,,124.55915516242888,20.107232934475157
SG,KH,VN,,111.59729313231784,20.219605417570943
SG,KH,VN,,92.9977442995468,20.74166234867605
SG,KH,VN,,83.03943676655052,21.240950102582076
SG,KH,VN,,74.39819543324921,21.876666200391064
SG,KH,VN,,55.79864656659827,23.960849660055025
SG,KH,VN,,41.51971839996137,27.813079774398226
SG,KH,VN,,37.19909769990211,30.29075309840539
SG,LA,,,39.51377483002554,4.693699843453062
SG,LA,,,35.569959599919265,4.847988109797668
SG,MM,,,43.92376668640017,5.992690673291262
SG,MM,,,43.923766312133914,5.992690674548636
SG,MM,,,43.92376619752611,5.992690673588637
SG,MM,,,43.92376618746036,5.992690681831123
SG,MM,,,43.923765879988714,5.992690683152471
SG,MM,,,43.92376569822641,5.992690681421326
SG,MM,,,43.923765578611395,5.9926906884418605
SG,MM,,,43.923765544329335,5.992690687851599
SG,MM,,,43.333333331890614,5.99394202672408
SG,MM,AU,,117.365258745255,12.2380217175424
SG,MM,AU,,117.3652409397302,12.23802164105613
SG,MM,AU,,117.3650557381804,12.2380208956691
SG,MM,AU,,117.36504776489753,12.238020853849614
SG,MM,AU,,108.666666495277,12.240753604074579
SG,MM,AU,,86.99999996039313,12.264392035839942
SG,MM,AU,,79.9999999590934,12.27578340919319
SG,MM,AU,,65.33333331778456,12.319277223887855
SG,MM,AU,,43.333333405976106,12.697447434646048
SG,MY,,,132.99983712285706,13.631542147897227
SG,MY,,,113.9999956122561,13.676899222321024
SG,MY,,,106.43581574434604,13.724547073113362
SG,MY,,,91.08016323233348,13.913212185460338
SG,MY,,,79.82686181752206,14.121292394870983
SG,MY,,,68.31012264532313,14.493281134044858
SG,MY,,,53.21790793647806,15.370896163956735
SG,MY,,,45.540081749988104,16.10977108670244
SG,MY,LA,,135.0630785927378,13.97935531780454
SG,MY,LA,,117.1535334646716,14.018456698485396
SG,MY,LA,,108.05046319694378,14.074703501455776
SG,MY,LA,,93.72282676634906,14.24796487854339
SG,MY,LA,,81.03784739944035,14.481838826027968
SG,MY,LA,,70.29212006632598,14.825308549910345
SG,MY,LA,,54.025231599592445,15.76202052446497
SG,MY,LA,,46.86141336622441,16.44508015744335
SG,MY,PH,,185.6665149356557,21.234956139152388
SG,MY,PH,,165.333328822022,21.278689204028005
SG,MY,PH,,154.7928911153248,21.3414779570721
SG,MY,PH,,124.06513929466588,21.7595724422592
SG,MY,PH,,123.83431291494752,21.764146618896973
SG,MY,PH,,92.87573494623196,22.825212040288033
SG,MY,PH,,82.71009283675156,23.42301147977993
SG,MY,PH,,61.91715660015964,25.38499300062428
SG,MY,PH,,41.35504634594455,29.453991934552455
SG,MY,VN,,216.7719630499884,27.391364944290522
SG,MY,VN,,185.80479429605927,27.483848398598866
SG,MY,VN,,174.08696629729982,27.573369835178983
SG,MY,VN,,154.83732856626656,27.826782349108793
SG,MY,VN,,123.86986286609444,28.596398393696948
SG,MY,VN,,116.05797753247172,28.908964146817517
SG,MY,VN,,92.9023971328359,30.24424686462368
SG,MY,VN,,61.93493143303606,33.4134171028098
SG,MY,VN,,58.028988766455925,34.014460008885855
SG,MY,VN,LA,218.7902636250836,27.739185141943224
SG,MY,VN,LA,187.534773429822,27.832959512259038
SG,MY,VN,LA,176.06896366580494,27.920411780029326
SG,MY,VN,LA,156.2789778657076,28.18078168351846
SG,MY,VN,LA,125.02318229982966,28.9625029959905
SG,MY,VN,LA,117.37930909960204,29.268571143821582
SG,MY,VN,LA,93.76738669950424,30.63028420969726
SG,MY,VN,LA,62.51159113300914,33.82746362088044
SG,MY,VN,LA,58.68965456649182,34.41233121630975
SG,PH,,,90.20218176472578,11.949287849227675
SG,PH,,,89.33333282035036,11.95008433373799
SG,PH,,,75.16847494838086,12.135654448726097
SG,PH,,,67.11175403296888,12.43641834856232
SG,PH,,,60.134779986527384,12.82652725974673
SG,PH,,,45.10108494459716,14.749922282932378
SG,PH,,,44.7411693465502,14.817153248573188
SG,VN,,,121.2229599997852,43.593802825973206
SG,VN,,,117.13358109951676,43.98565139037434
SG,VN,,,103.90539429985054,45.460066086165135
SG,VN,,,86.58782856621131,47.768906365487894
SG,VN,,,78.08905406662137,49.21386076269818
SG,VN,,,69.27026286631471,50.991489500453774
SG,VN,,,51.95269713320966,55.92123339265548
SG,VN,,,39.04452703308314,62.684418725742226
SG,VN,LA,,123.24082280732011,18.453530083100166
SG,VN,LA,,119.11557843067176,18.460108696228367
SG,VN,LA,,105.63537343225084,18.56822329563738
SG,VN,LA,,88.0294778664949,19.058319182860373
SG,VN,LA,,79.41038563326039,19.471367089602946
SG,VN,LA,,70.42358229971752,20.10897311162955
SG,VN,LA,,52.81768669985527,22.051249532337216
SG,VN,LA,,39.70519279994708,25.737946420883286
SG,VN,LA,,35.21179113325175,28.627183261919637
TH,,,,65.87856397938502,15.290458553263914
TH,,,,57.643739978128686,15.346360335133102
TH,,,,55.666666077490525,15.369192478215885
TH,,,,49.408919903678786,15.479687506835944
TH,,,,41.174098901766385,15.716820102232257
TH,,,,32.93927950309055,16.104729878421413
TH,,,,27.807204426267443,16.437453150726874
TH,,,,24.70445985063068,16.725749111551337
TH,,,,16.469639970655457,17.891831808247865
TH,,,,8.234819975724456,19.722782917246633
TH,,,,0.0,24.790924503643623
TH,VN,LA,,97.333334093619,29.069925882154152
TH,VN,LA,,86.33333522221578,29.458167371717195
TH,VN,LA,,75.66666918706986,29.963252682552415
TH,VN,LA,,64.66666873261995,30.637792174333335
TH,VN,LA,,54.0000020812412,31.57722084560448
TH,VN,LA,,53.33333573450823,31.644849355672363
TH,VN,LA,,43.33333709238925,32.79268504863604
TH,VN,LA,,32.411569113595995,34.34018346583923
TH,VN,LA,,21.607715682932493,36.326888782449856
TH,VN,LA,,10.803862251987429,39.60671970627762
TH,VN,LA,,8.183187387915209e-06,47.094103412031345
TH,VN,LA,KR,195.99999320466955,49.18180731526922
TH,VN,LA,KR,171.33333106060743,49.79974737676355
TH,VN,LA,KR,167.33333223414922,49.9440213367175
TH,VN,LA,KR,146.99999895457643,50.876624251854935
TH,VN,LA,KR,122.33333273178889,52.62690657912806
TH,VN,LA,KR,97.99999970732212,55.16841196044949
TH,VN,LA,KR,83.66666645994867,57.04806715574643
TH,VN,LA,KR,73.3333331936892,58.619274323267334
TH,VN,LA,KR,48.99999990650601,63.91056630344109
TH,VN,LA,KR,24.485349777167773,71.78375952724927
TH,VN,LA,KR,0.0,87.33167391463624
TR,,,,272.66580547617394,3.6487197320745737
TR,,,,245.33297684768291,3.8527827745316388
TR,,,,217.99968039112665,4.2109744933702125
TR,,,,190.66638461140337,4.6407650450869955
TR,,,,163.6665302523165,5.107079020990314
TR,,,,136.33322042905996,5.850973356500916
TR,,,,108.99992105973816,6.714206416659592
TR,,,,81.66665419276299,7.615978950335241
TR,,,,54.66665619455023,8.644343375547122
TR,,,,27.25353566354324,10.01556709118365
TR,,,,0.0,15.644790847832706
TR,MA,,,46.99999554432172,12.041143253682293
TR,MA,,,42.66666343544408,12.23986662870218
TR,MA,,,37.33333193063584,12.492886050735633
TR,MA,,,31.986594092378617,12.759104098417987
TR,MA,,,26.655495674382415,13.045340830882706
TR,MA,,,23.519051072718256,13.229178897113883
TR,MA,,,21.324396554665295,13.398999551651492
TR,MA,,,15.993297340972358,13.950614508997175
TR,MA,,,10.66219828507418,14.836462960634003
TR,MA,,,5.331099129009804,16.208440416701187
TR,MA,,,0.0,18.67315817405573
US,,,,2235.6839146671355,62.240002147558414
US,,,,2023.3194287679855,64.57006400992667
US,,,,1796.6574015217586,67.31397281729504
US,,,,1573.322796343081,70.3031076913025
US,,,,1346.6568377261208,73.44691208322483
US,,,,1123.3170555701056,76.6037358662206
US,,,,899.9833114272732,79.88889600361448
US,,,,673.3219381595808,83.45641315320118
US,,,,449.99668529126143,88.0721481312169
US,,,,224.66646583491985,95.43655042825614
US,,,,0.0,137.34700316583326
US,BR,,,27.3892159783667,153.60679694243134
US,BR,,,26.341739643510323,154.0533781019284
US,BR,,,24.345969281879587,154.90650543479026
US,BR,,,21.302722458191504,156.21618014659765
US,BR,,,18.259481587339188,157.5292251331457
US,BR,,,15.216235549904336,158.85021203416918
US,BR,,,12.172985904888288,160.21281315698917
US,BR,,,9.129742495542905,161.78858682091993
US,BR,,,6.086504590660585,163.62648259923077
US,BR,,,3.0432557001752167,165.81866411559298
US,BR,,,9.361655936263686e-06,169.14752280867748
US,CO,,,9.462958907611691,136.3554319293358
US,CO,,,8.411521486714188,136.91103501123848
US,CO,,,7.360081571894783,137.49815306006454
US,CO,,,7.355723614737756,137.50060855031168
US,CO,,,6.308643645848369,138.12170509997395
US,CO,,,5.2572034709858775,138.8089402246439
US,CO,,,4.205760771304889,139.53777200319772
US,CO,,,3.154324712137652,140.3010847746491
US,CO,,,2.102882771971191,141.09132604421814
US,CO,,,1.0514461784208615,141.98137051736546
US,CO,,,4.6264695468901714e-06,143.1506576539079
US,PE,,,9.462963236808491,135.21739550241352
US,PE,,,8.411521029980179,135.67757477829116
US,PE,,,7.360082840077737,136.18929405725913
US,PE,,,7.355722738260694,136.19163312736237
US,PE,,,6.308643897506014,136.76957663370138
US,PE,,,5.257206467507749,137.36931425084455
US,PE,,,4.205763061518872,138.03741836325872
US,PE,,,3.154326218805828,138.7411507201729
US,PE,,,2.1028869991690033,139.50250924088235
US,PE,,,1.0514452317427812,140.26893113705813
US,PE,,,5.410883463657827e-06,141.209535034783
VN,,,,83.66638324862274,13.75982240550237
VN,,,,73.26155012172225,13.801231782953014
VN,,,,70.6666640371365,13.823877442223699
VN,,,,62.79561573703817,13.933767698706692
VN,,,,52.32968089186825,14.23013494201193
VN,,,,41.86374478983847,14.745125272693949
VN,,,,35.25894779954975,15.227065596780484
VN,,,,31.39780868883169,15.56269720604644
VN,,,,20.931872466979915,16.690543219754723
VN,,,,10.465936224101188,18.394126949673872
VN,,,,0.0,24.249257687589257
VN,ID,,,282.0256804122077,53.97361631653885
VN,ID,,,246.7724787617102,54.08816960249811
VN,ID,,,225.6393855655724,54.35832299514617
VN,ID,,,211.5192674972839,54.63098240391951
VN,ID,,,176.26605626547223,55.708130277366784
VN,ID,,,141.0128449988353,57.324734672465944
VN,ID,,,112.8196927659398,59.34861149924808
VN,ID,,,105.75963376599393,59.9548915705738
VN,ID,,,70.50642249965463,64.04092122731545
VN,ID,,,35.25321126631694,71.1987067651743
VN,ID,,,2.0045312612648147e-10,94.27712754824
VN,KH,,,92.70088137188104,15.74950424721632
VN,KH,,,81.11369906280987,15.797657035515922
VN,KH,,,75.4682776610312,15.855520526840438
VN,KH,,,69.52602862259283,15.95446812134726
VN,KH,,,57.938357359829894,16.297381609803125
VN,KH,,,46.350685924975615,16.90345753991636
VN,KH,,,37.734139142144855,17.584662138992535
VN,KH,,,34.76301444728098,17.857069402342383
VN,KH,,,23.17534294968158,19.20002966800063
VN,KH,,,11.587671486780824,21.3779246693206
VN,KH,,,0.0,28.056077415340987
VN,KR,,,141.3333333297208,33.79697712944477
VN,KR,,,123.66666690971356,34.3243376304446
VN,KR,,,114.3333335959713,34.76292000316685
VN,KR,,,106.00000024663322,35.260487879237196
VN,KR,,,88.33333356965436,36.820096229283536
VN,KR,,,70.6666669245845,38.816029079811024
VN,KR,,,57.00000051181936,40.767871184340734
VN,KR,,,53.00000041341203,41.43341546221193
VN,KR,,,35.33333438011182,45.81643623665183
VN,KR,,,17.66358974001579,51.85761488124171
VN,KR,,,2.767937813268529e-06,62.738980645402336
VN,LA,,,42.6666707763393,14.28846881097194
VN,LA,,,38.000005928573934,14.561095645175882
VN,LA,,,33.18049661334139,14.95849371018144
VN,LA,,,28.440421030245396,15.43214004671443
VN,LA,,,26.92317761811169,15.591791275548474
VN,LA,,,23.700353587014938,15.962507247887274
VN,LA,,,18.96028569913689,16.610399338538386
VN,LA,,,14.220212265365332,17.29299896411966
VN,LA,,,9.480143431213785,18.11521332520949
VN,LA,,,4.740078774662637,19.920194179448316
VN,LA,,,1.87390241692673e-05,23.041930812753225
VN,MY,,,179.2765062315614,23.045485778843013
VN,MY,,,162.73022879162755,23.068391570361136
VN,MY,,,153.66581999724954,23.10757995788978
VN,MY,,,128.05484999780683,23.322229058512782
VN,MY,,,108.48681919790032,23.63753462134766
VN,MY,,,102.4438799985392,23.76596828431549
VN,MY,,,76.83290999961595,24.6473463649331
VN,MY,,,54.24340959922151,26.09666548936506
VN,MY,,,51.221939999584414,26.352025166515666
VN,MY,,,25.610969999702103,29.190662279357767
VN,MY,,,8.035791318770439e-11,39.39681659321222
VN,TH,,,97.33333410049724,28.68232581397283
VN,TH,,,86.33333389615858,29.05355665845286
VN,TH,,,75.66666762475985,29.54400793335024
VN,TH,,,64.66666811012351,30.199596019212596
VN,TH,,,54.000000981021486,31.11642119552272
VN,TH,,,53.333335161113055,31.182406394388284
VN,TH,,,43.33333482934476,32.3122866426376
VN,TH,,,32.41156299145196,33.85378120155654
VN,TH,,,21.607709813565943,35.81833372811821
VN,TH,,,10.803857736878571,39.07546471231401
VN,TH,,,6.009105180531499e-06,46.55363983535398
ZA,,,,32.98464887240542,11.187051677016457
ZA,,,,29.31969052919578,11.19998313846417
ZA,,,,25.654729197069525,11.258462453634731
ZA,,,,23.74089823037831,11.30305946520923
ZA,,,,21.989767898199705,11.350605074266312
ZA,,,,18.324806565215976,11.482133276419209
ZA,,,,14.65984526588734,11.696330762406495
ZA,,,,10.994883933177972,12.023966134462315
ZA,,,,7.3299226328033,12.522853539224002
ZA,,,,3.664961299934541,13.599652935452516
ZA,,,,1.947070898828942e-08,16.39764756092956
ZA,EG,,,55.61792024724086,23.73331505141478
ZA,EG,,,49.33333332470154,23.768359181098933
ZA,EG,,,48.33333333026875,23.783030512418932
ZA,EG,,,43.333333329595014,23.890382220190663
ZA,EG,,,36.999999998072205,24.090707302412262
ZA,EG,,,30.89883919811608,24.381709499953086
ZA,EG,,,24.719071364868135,24.829485702133912
ZA,EG,,,18.53930349862055,25.441623507265433
ZA,EG,,,12.359535665856331,26.407443403742295
ZA,EG,,,6.179767832907104,28.178275578876644
ZA,EG,,,1.012926500095706e-07,32.10619414763231
ZA,EG,KE,,58.999999905812096,26.01891124909916
ZA,EG,KE,,52.6666666619823,26.054880406486284
ZA,EG,KE,,49.66666666339077,26.10569172506687
ZA,EG,KE,,45.999999997594166,26.19257130003586
ZA,EG,KE,,39.33333333200441,26.41018299165586
ZA,EG,KE,,32.86849519911944,26.732015727667928
ZA,EG,KE,,26.294796165921845,27.241670624121713
ZA,EG,KE,,19.72109709987948,27.93546596958788
ZA,EG,KE,,13.147398066419354,29.033139051829394
ZA,EG,KE,,6.573699033213457,30.965447825435376
ZA,EG,KE,,3.367181247623557e-07,36.0381331587239
ZA,EG,NG,,114.6666640469696,45.91512315358473
ZA,EG,NG,,101.99999995696407,45.98689430700301
ZA,EG,NG,,89.33333332763364,46.24034341152449
ZA,EG,NG,,76.9999999935255,46.675537723802336
ZA,EG,NG,,76.3333333287912,46.707158683168934
ZA,EG,NG,,63.666666661179285,47.492130158212206
ZA,EG,NG,,50.99999999752035,48.73660062561692
ZA,EG,NG,,38.33333333221465,50.42505919416031
ZA,EG,NG,,25.497793765944433,52.9983350013521
ZA,EG,NG,,12.748896866451853,57.87014140902237
ZA,EG,NG,,2.560263612385112e-07,69.30388333158068
ZA,KE,,,36.530032388381414,13.47262089980458
ZA,KE,,,32.471140132507664,13.487792153248444
ZA,KE,,,28.41224759941549,13.556560463652524
ZA,KE,,,24.946782666521745,13.64564130533839
ZA,KE,,,24.353355099294163,13.664190716536556
ZA,KE,,,20.29446256645499,13.828634419997512
ZA,KE,,,16.235570066519,14.098353352300094
ZA,KE,,,12.17667753326724,14.500939260394533
ZA,KE,,,8.117785033272803,15.139735020886146
ZA,KE,,,4.058892500956971,16.40795862364672
ZA,KE,,,9.340207936349041e-08,20.329587476862088
ZA,NG,,,91.99999951570064,33.36887693427957
ZA,NG,,,81.99999997167326,33.41667219575371
ZA,NG,,,71.66666666470437,33.600835046940844
ZA,NG,,,61.333333331568994,33.939490293831135
ZA,NG,,,51.99999999748864,34.49458825869261
ZA,NG,,,51.33333332993151,34.54665547161649
ZA,NG,,,40.99999999763573,35.59441024430825
ZA,NG,,,30.70227106607264,37.00484992416749
ZA,NG,,,20.468180698992494,39.10476620541883
ZA,NG,,,10.234090366341672,43.59122152191106
ZA,NG,,,1.6453870836457792e-07,53.595336081599314
ZA,NG,KE,,95.65242693920516,35.65441135834176
ZA,NG,KE,,84.99999996371345,35.706970668096034
ZA,NG,KE,,74.3333332888174,35.90297546937727
ZA,NG,KE,,63.666666663902326,36.26446405216029
ZA,NG,KE,,53.333333329258544,36.91672855966891
ZA,NG,KE,,52.999999992882415,36.94596082777119
ZA,NG,KE,,42.666666664333704,38.02273289074449
ZA,NG,KE,,31.884064663958057,39.55295502897733
ZA,NG,KE,,21.2560430990685,41.740224730955404
ZA,NG,KE,,10.628021566554752,46.41410269833693
ZA,NG,KE,,3.8234600473507874e-07,57.52727492312485
