Asset_Number,Asset_Class,Location_1,Location_2,Asset_Type
0,CO2_Budget,31,31,0
1,RE_PV_Openfield_Lim,31,31,31
2,RE_PV_Rooftop_Lim,31,31,31
3,RE_WIND_Onshore_Lim_0,31,31,31
4,RE_WIND_Onshore_Lim_1,31,31,31
5,RE_WIND_Onshore_Lim_2,31,31,31
6,RE_WIND_Onshore_Lim_3,31,31,31
7,RE_WIND_Onshore_Lim_4,31,31,31
8,RE_WIND_Onshore_Lim_5,31,31,31
9,RE_WIND_Offshore_Lim_0,31,31,31
10,RE_WIND_Offshore_Lim_1,31,31,31
11,RE_WIND_Offshore_Lim_2,31,31,31
12,RE_WIND_Offshore_Lim_3,31,31,31
13,RE_WIND_Offshore_Lim_4,31,31,31
14,RE_WIND_Offshore_Lim_5,31,31,31
15,PP_COAL_CO2,31,31,31
16,PP_NGS_CCGT_CO2,31,31,31
17,PP_NGS_SCGT_CO2,31,31,31
18,PP_OIL_CO2,31,31,31
19,BESS,31,31,31
20,EL_Demand,31,31,31
21,EL_to_H2,31,31,31
22,H2_Storage,31,31,31
23,H2_to_NH3,31,31,31
24,NH3_Storage,31,31,31
25,H2_to_EL,31,31,31
26,NH3_to_EL,31,31,31
27,Nuclear_Fission_Baseload,31,31,31
28,PHS,31,31,31
29,HYDRO,31,31,31
30,CEM_Demand,31,31,31
31,CEM_Production,31,31,31
32,CEM_Production_EL,31,31,31
33,STL_Demand,31,31,31
34,STL_BF_BOF,31,31,31
35,STL_DRI_EAF_NG,31,31,31
36,STL_DRI_EAF_H2,31,31,31
37,VEH_EL_FRT,31,31,31
38,VEH_EL_PGR,31,31,31
39,VEH_ICE_FRT,31,31,31
40,VEH_ICE_PGR,31,31,31
41,VEH_FRT_Demand,31,31,31
42,VEH_PGR_Demand,31,31,31